{
  "Computer": [
    {
      "avgTime": 10,
      "chapter": "",
      "correct": "2",
      "level": "Easy",
      "options": [
        { "img": "", "label": "An operating system" },
        { "img": "", "label": "A processing device" },
        { "img": "}", "label": " Application software" },
        { "img": "", "label": "An input device" }
      ],
      "points": "2",
      "question": "MS-Word is an example of _____",
      "questionImg": ""
    },
    {
      "avgTime": 14,
      "chapter": "",
      "correct": "0",
      "level": "Medium",
      "options": [
        { "img": "", "label": "modifier" },
        { "img": "", "label": "function" },
        { "img": "}", "label": "alphanumeric" },
        { "img": "", "label": "adjustment" }
      ],
      "points": "4",
      "question": "Ctrl, Shift and Alt are called .......... keys.",
      "questionImg": ""
    },
    {
      "avgTime": 14,
      "chapter": "",
      "correct": "0",
      "level": "Medium",
      "options": [
        { "img": "", "label": "Spam" },
        { "img": "", "label": "Spoof" },
        { "img": "}", "label": "Sniffer script" },
        { "img": "", "label": "Spool" }
      ],
      "points": "4",
      "question": "Junk e-mail is also called ______",
      "questionImg": ""
    },
    {
      "avgTime": 10,
      "chapter": "",
      "correct": "0",
      "level": "Easy",
      "options": [
        { "img": "", "label": "Mother Board" },
        { "img": "", "label": "Expansion Board" },
        { "img": "}", "label": "External Drive" },
        { "img": "", "label": " None" }
      ],
      "points": "2",
      "question": "Where is RAM located?",
      "questionImg": ""
    },
    {
      "avgTime": 12,
      "chapter": "",
      "correct": "1",
      "level": "Medium",
      "options": [
        { "img": "", "label": "Assembly language" },
        { "img": "", "label": "Machine language" },
        { "img": "}", "label": "Spaghetti code" },
        { "img": "", "label": "Source code " }
      ],
      "points": "4",
      "question": "The first computer was programmed using ......",
      "questionImg": ""
    },
    {
      "avgTime": 12,
      "chapter": "",
      "correct": "0",
      "level": "Medium",
      "options": [
        { "img": "", "label": "Wireless Local Area Network" },
        { "img": "", "label": "Wide Local Area Network " },
        { "img": "}", "label": "Wind Light Atmospheric Nature" },
        { "img": "", "label": "Wireless Local Area Node" }
      ],
      "points": "4",
      "question": "What does WLAN stand for?",
      "questionImg": ""
    },
    {
      "avgTime": 12,
      "chapter": "",
      "correct": "1",
      "level": "Medium",
      "options": [
        { "img": "", "label": "compiler" },
        { "img": "", "label": "interpreter" },
        { "img": "}", "label": "converter" },
        { "img": "", "label": "instructions" }
      ],
      "points": "4",
      "question": "_______ converts and executes one statement at a time",
      "questionImg": ""
    },
    {
      "avgTime": 12,
      "chapter": "",
      "correct": "3",
      "level": "Easy",
      "options": [
        { "img": "", "label": "First generation" },
        { "img": "", "label": "Second generation" },
        { "img": "}", "label": "Third generation" },
        { "img": "", "label": "Fourth generation" }
      ],
      "points": "2",
      "question": " Microprocessors as switching devices are for which generation computers?",
      "questionImg": ""
    },
    {
      "avgTime": 12,
      "chapter": "",
      "correct": "2",
      "level": "Medium",
      "options": [
        { "img": "", "label": "MICR device" },
        { "img": "", "label": "Floppy disk" },
        { "img": "}", "label": "MODEM" },
        { "img": "", "label": "Light pen" }
      ],
      "points": "4",
      "question": "Which of the following is used to receive and send computer files over telephone lines? ",
      "questionImg": ""
    },
    {
      "avgTime": 11,
      "chapter": "",
      "correct": "3",
      "level": "Hard",
      "options": [
        { "img": "", "label": "WinZip and Linux" },
        { "img": "", "label": "Shareware and file sharing" },
        { "img": "}", "label": " Microsoft word and the Google toolbar" },
        { "img": "", "label": "Instant messaging and the Google toolbar" }
      ],
      "points": "8",
      "question": "What are two example of freeware?",
      "questionImg": ""
    },
    {
      "avgTime": 11,
      "chapter": "",
      "correct": "3",
      "level": "Hard",
      "options": [
        { "img": "", "label": "Ctrl + Shift + F " },
        { "img": "", "label": " Ctrl + D" },
        { "img": "}", "label": "Ctrl + Shift + P" },
        { "img": "", "label": "All of the above" }
      ],
      "points": "8",
      "question": "What is the shortcut key to open font dialog box?",
      "questionImg": ""
    },
    {
      "avgTime": 11,
      "chapter": "",
      "correct": "1",
      "level": "Medium",
      "options": [
        { "img": "", "label": "Text Effects" },
        { "img": "", "label": "Font Styles" },
        { "img": "}", "label": "Font Effects" },
        { "img": "", "label": "Word Art" }
      ],
      "points": "4",
      "question": "Bold, Italic, Regular are known as",
      "questionImg": ""
    },
    {
      "avgTime": 11,
      "chapter": "",
      "correct": "1",
      "level": "Medium",
      "options": [
        { "img": "", "label": "an internet web browser" },
        { "img": "", "label": "a compiler" },
        { "img": "}", "label": "an operating system" },
        { "img": "", "label": "an IP address" }
      ],
      "points": "4",
      "question": " Internet Explorer falls under",
      "questionImg": ""
    },
    {
      "avgTime": 11,
      "chapter": "",
      "correct": "0",
      "level": "Easy",
      "options": [
        { "img": "", "label": "Vacuum tubes" },
        { "img": "", "label": "integrated circuits" },
        { "img": "}", "label": "transisters" },
        { "img": "", "label": "None of the above" }
      ],
      "points": "2",
      "question": "Chief component of first generation computer wa",
      "questionImg": ""
    },
    {
      "avgTime": 11,
      "chapter": "",
      "correct": "0",
      "level": "Hard",
      "options": [
        { "img": "", "label": "Dn = log 2 (n+1)" },
        { "img": "", "label": "Dn = log 1/2 (n+1)" },
        { "img": "}", "label": "Dn = log (n+1)" },
        { "img": "", "label": "Dn = log 2 (n-1)" }
      ],
      "points": "8",
      "question": "The depth of a complete binary tree is given by",
      "questionImg": ""
    },
    {
      "avgTime": 11,
      "chapter": "",
      "correct": "0",
      "level": "Medium",
      "options": [
        { "img": "", "label": "Video Graphics Array" },
        { "img": "", "label": "Video Graphics Audio" },
        { "img": "}", "label": "Visual Graphics Audio" },
        { "img": "", "label": "Visual Graphics Array" }
      ],
      "points": "4",
      "question": "In the field of computing, what does VGA stand for?",
      "questionImg": ""
    },
    {
      "avgTime": 11,
      "chapter": "",
      "correct": "0",
      "level": "Medium",
      "options": [
        { "img": "", "label": "Latin language" },
        { "img": "", "label": "Sanskrit language" },
        { "img": "}", "label": "Greek language" },
        { "img": "", "label": "German language" }
      ],
      "points": "4",
      "question": "The term computer is derived from",
      "questionImg": ""
    },
    {
      "avgTime": 11,
      "chapter": "",
      "correct": "2",
      "level": "Medium",
      "options": [
        { "img": "", "label": "F1" },
        { "img": "", "label": "F10" },
        { "img": "}", "label": "F11" },
        { "img": "", "label": "F12" }
      ],
      "points": "4",
      "question": "Which key on a windows keyboard sets to full screen mode in most browsers?",
      "questionImg": ""
    },
    {
      "avgTime": 11,
      "chapter": "",
      "correct": "2",
      "level": "Easy",
      "options": [
        { "img": "", "label": "buzz" },
        { "img": "", "label": "nibble" },
        { "img": "}", "label": "byte" },
        { "img": "", "label": "word" }
      ],
      "points": "2",
      "question": "A group of eight bits is called",
      "questionImg": ""
    },
    {
      "avgTime": 11,
      "chapter": "",
      "correct": "0",
      "level": "Easy",
      "options": [
        { "img": "", "label": " CPU chip" },
        { "img": "", "label": "Hard disk drive" },
        { "img": "}", "label": "Memeory chip" },
        { "img": "", "label": "Disc drive" }
      ],
      "points": "2",
      "question": "Where does a computer add and compare data?",
      "questionImg": ""
    },
    {
      "avgTime": 11,
      "chapter": "",
      "correct": "0",
      "level": "Easy",
      "options": [
        { "img": "", "label": "Hybrid computer" },
        { "img": "", "label": "Mainframe computer" },
        { "img": "}", "label": "Digital computer" },
        { "img": "", "label": "Analog computer" }
      ],
      "points": "2",
      "question": "The computer that process both analog and digital is called",
      "questionImg": ""
    },
    {
      "avgTime": 11,
      "chapter": "",
      "correct": "3",
      "level": "Easy",
      "options": [
        { "img": "", "label": " Undistributed Resource Locator" },
        { "img": "", "label": " Uniform Region Locator" },
        { "img": "}", "label": "Unified Resource Locator" },
        { "img": "", "label": "Uniform Resource Locator" }
      ],
      "points": "2",
      "question": "In context of computing, what is the full form of URL?",
      "questionImg": ""
    },
    {
      "avgTime": 15,
      "chapter": "",
      "correct": "3",
      "level": "Medium",
      "options": [
        { "img": "", "label": "Compiling" },
        { "img": "", "label": "Testing" },
        { "img": "}", "label": "Running" },
        { "img": "", "label": "Debugging" }
      ],
      "points": "4",
      "question": "_________ is a process of searching bugs in software",
      "questionImg": ""
    },
    {
      "avgTime": 15,
      "chapter": "",
      "correct": "0",
      "level": "Easy",
      "options": [
        { "img": "", "label": "Internet Protocol" },
        { "img": "", "label": "Intra Propaganda" },
        { "img": "}", "label": "Intra Protocol" },
        { "img": "", "label": "Internet Proposal" }
      ],
      "points": "2",
      "question": " In the context of the Internet, what does IP stand for?",
      "questionImg": ""
    },
    {
      "avgTime": 15,
      "chapter": "",
      "correct": "3",
      "level": "Easy",
      "options": [
        { "img": "", "label": "Only rows" },
        { "img": "", "label": "Only columns" },
        { "img": "}", "label": "Entire worksheet" },
        { "img": "", "label": "All of the above" }
      ],
      "points": "2",
      "question": "In a worksheet, you can select",
      "questionImg": ""
    },
    {
      "avgTime": 15,
      "chapter": "",
      "correct": "3",
      "level": "Easy",
      "options": [
        { "img": "", "label": "GB" },
        { "img": "", "label": "MB" },
        { "img": "}", "label": "KB" },
        { "img": "", "label": "TB" }
      ],
      "points": "2"
    },
    {
      "avgTime": 15,
      "chapter": "",
      "correct": "2",
      "level": "Easy",
      "options": [
        { "img": "", "label": " Automatic Logic Unit" },
        { "img": "", "label": "Android Logic Unit" },
        { "img": "}", "label": " Arithmetic Logic Unit" },
        { "img": "", "label": "None of the above" }
      ],
      "points": "2",
      "question": "ALU stands for in computer?",
      "questionImg": ""
    }
    {
        "avgTime": 15,
"chapter": "",
"correct": "0",
"level": "Medium",
"options": [
{ "img": "", "label":"Ctrl + F2" },
{ "img": "", "label": "Alt + Ctrl + F2" },
{ "img": "}", "label": "Shift + F2" },
{ "img": "", "label": "Alt + F2" }
],
"points": "4",
"question": "Which function key displays the Print Preview window in Microsoft Office?", "questionImg": ""
    },
    {
        "avgTime": 15,
"chapter": "",
"correct": "0",
"level": "Easy",
"options": [
{ "img": "", "label":" Optical Disc" },
{ "img": "", "label": "Hard Disc" },
{ "img": "}", "label": "Output Device" },
{ "img": "", "label": " Solid state storage device" },
],
"points": "2",
"question": "A DVD is an example of", "questionImg": "",
    },
    {
        

"avgTime": 15,
"chapter": "",
"correct": "2",
"level": "Medium",
"options": [
{ "img": "", "label":"Linux" },
{ "img": "", "label": "Windows 98" },
{ "img": "}", "label": "C++" },
{ "img": "", "label": "Windows 7" },
],
"points": "4",
"question": " Find the 'odd one out", "questionImg": "",
    },
    {

    }
  ]
}
