{
  "Geography": [
    {
      "avgTime": 15,
      "chapter": "Geography",
      "correct": "0",
      "level": "Hard",
      "options": [
        { "img": "", "label": "Nevada" },
        { "img": "", "label": "Arizona" },
        { "img": "}", "label": "New Mexico" },
        { "img": "", "label": "Utah" }
      ],
      "points": "8",
      "question": "Area 51 is located in which US state?",
      "questionImg": ""
    },
    {
      "avgTime": 10,
      "chapter": "Geography",
      "correct": "3",
      "level": "Easy",
      "options": [
        { "img": "", "label": " ६५% " },
        { "img": "", "label": "६६%" },
        { "img": "}", "label": " ६७%" },
        { "img": "", "label": "६८% " }
      ],
      "points": "2",
      "question": "नेपालको कति प्रतिशत भू-भाग पहाडी प्रदेशले ओगटेको छ ? ",
      "questionImg": ""
    },
    {
      "avgTime": 10,
      "chapter": "Geography",
      "correct": "2",
      "level": "Medium",
      "options": [
        { "img": "", "label": "प्रदेश नं १ " },
        { "img": "", "label": " प्रदेश नं २" },
        { "img": "}", "label": "प्रदेश नं ३ " },
        { "img": "", "label": " प्रदेश नं ४" }
      ],
      "points": "4",
      "question": " जनसंख्याको आधारमा ठुलो प्रदेश कुन हो ? ",
      "questionImg": ""
    },
    {
      "avgTime": 14,
      "chapter": "",
      "correct": "2",
      "level": "Medium",
      "options": [
        { "img": "", "label": "Baglung" },
        { "img": "", "label": "Dharan" },
        { "img": "}", "label": "Nuwakot" },
        { "img": "", "label": "Parbat" }
      ],
      "points": "4",
      "question": " In which district is Fungfung waterfall?",
      "questionImg": ""
    },
    {
      "avgTime": 12,
      "chapter": "Geography",
      "correct": "2",
      "level": "Medium",
      "options": [
        { "img": "", "label": "4" },
        { "img": "", "label": "5" },
        { "img": "}", "label": "6" },
        { "img": "", "label": "7" }
      ],
      "points": "4",
      "question": "How many colors are used in the South African flag?",
      "questionImg": ""
    },
    {
      "avgTime": 14,
      "chapter": "Geography",
      "correct": "3",
      "level": "Medium",
      "options": [
        { "img": "", "label": "5" },
        { "img": "", "label": "6" },
        { "img": "}", "label": "7" },
        { "img": "", "label": "8" }
      ],
      "points": "4",
      "question": "How many large islands make up Hawaii?",
      "questionImg": ""
    },
    {
      "avgTime": 14,
      "chapter": "Geography",
      "correct": "3",
      "level": "Medium",
      "options": [
        { "img": "", "label": "California" },
        { "img": "", "label": "Ohio" },
        { "img": "}", "label": "New Jersey" },
        { "img": "", "label": "New York" }
      ],
      "points": "4",
      "question": "In which U.S. state is Niagara Falls located?",
      "questionImg": ""
    },
    {
      "avgTime": 14,
      "chapter": "Geography",
      "correct": "2",
      "level": "Medium",
      "options": [
        { "img": "", "label": "Asia" },
        { "img": "", "label": "Africa" },
        { "img": "}", "label": "Antartica" },
        { "img": "", "label": "South America" }
      ],
      "points": "4",
      "question": "Where is the world’s largest desert located?",
      "questionImg": ""
    },
    {
      "avgTime": 14,
      "chapter": "Geography",
      "correct": "0",
      "level": "Medium",
      "options": [
        { "img": "", "label": "Canada" },
        { "img": "", "label": "Mexico" },
        { "img": "}", "label": "Australia" },
        { "img": "", "label": "Chile" }
      ],
      "points": "4",
      "question": "Which country has the longest coastline in the world?",
      "questionImg": ""
    }
  ]
}
