{
  "General": [
    {
      "avgTime": 13,
      "chapter": "",
      "correct": "0",
      "level": "Hard",
      "options": [
        { "img": "", "label": "1967" },
        { "img": "", "label": "1968" },
        { "img": "}", "label": "1958" },
        { "img": "", "label": "1922" }
      ],
      "points": "8",
      "question": "First human heart transplant operation conducted by Dr. Christiaan Barnard on Louis Washkansky, was conducted ins",
      "questionImg": ""
    },
    {
      "avgTime": 15,
      "chapter": "",
      "correct": "3",
      "level": "Medium",
      "options": [
        { "img": "", "label": "the infrared light kills bacteria in the body" },
        { "img": "", "label": "resistance power increases" },
        {
          "img": "}",
          "label": "the pigment cells in the skin get stimulated and produce a healthy tan"
        },
        {
          "img": "",
          "label": "the ultraviolet rays convert skin oil into Vitamin D"
        }
      ],
      "points": "4",
      "question": "Exposure to sunlight helps a person improve his health because",
      "questionImg": ""
    },
    {
      "avgTime": 15,
      "chapter": "",
      "correct": "1",
      "level": "Hard",
      "options": [
        { "img": "", "label": "USA" },
        { "img": "", "label": "Fiji" },
        { "img": "}", "label": "India" },
        { "img": "", "label": "UK" }
      ],
      "points": "8",
      "question": "Golf player Vijay Singh belongs to which country?",
      "questionImg": ""
    },
    {
      "avgTime": 16,
      "chapter": "",
      "correct": "0",
      "level": "Medium",
      "options": [
        { "img": "", "label": "May 8" },
        { "img": "", "label": "May 18" },
        { "img": "}", "label": "June 8" },
        { "img": "", "label": "June 18" }
      ],
      "points": "4",
      "question": "Each year World Red Cross and Red Crescent Day is celebrated on",
      "questionImg": ""
    },
    {
      "avgTime": 16,
      "chapter": "",
      "correct": "2",
      "level": "Hard",
      "options": [
        { "img": "", "label": "Taoism" },
        { "img": "", "label": "Judaism" },
        { "img": "}", "label": "Zoroastrianism (Parsi Religion)" },
        { "img": "", "label": "Shintoism" }
      ],
      "points": "8",
      "question": "Fire temple is the place of worship of which of the following religion?",
      "questionImg": ""
    },
    {
      "avgTime": 18,
      "chapter": "",
      "correct": "2",
      "level": "Hard",
      "options": [
        { "img": "", "label": "Earthquakes" },
        { "img": "", "label": "Rainfall" },
        { "img": "}", "label": "Ocean depth" },
        { "img": "", "label": "Sound intensity" }
      ],
      "points": "8",
      "question": "Fathometer is used to measure",
      "questionImg": ""
    },
    {
      "avgTime": 16,
      "chapter": "",
      "correct": "2",
      "level": "Medium",
      "options": [
        { "img": "", "label": "Kathmandu" },
        { "img": "", "label": "Bhaktapur" },
        { "img": "}", "label": "Magdi" },
        { "img": "", "label": "Mustang" }
      ],
      "points": "4",
      "question": "Which is the first WiFi-free district of Nepal?",
      "questionImg": ""
    },
    {
      "avgTime": 14,
      "chapter": "",
      "correct": "3",
      "level": "Medium",
      "options": [
        { "img": "", "label": "Visible light" },
        { "img": "", "label": "Infrared radiation" },
        { "img": "}", "label": "X-rays and gamma rays" },
        { "img": "", "label": "Ultraviolet radiation" }
      ],
      "points": "4",
      "question": "The ozone layer restricts",
      "questionImg": ""
    },

    {
      "avgTime": 13,
      "chapter": "",
      "correct": "3",
      "level": "Medium",
      "options": [
        { "img": "", "label": "Zeus" },
        { "img": "", "label": "Hestia" },
        { "img": "}", "label": "Athens" },
        { "img": "", "label": "Apollo" }
      ],
      "points": "4",
      "question": "Who was the Ancient Greek God of the Sun?",
      "questionImg": ""
    },
    {
      "avgTime": 15,
      "chapter": "",
      "correct": "3",
      "level": "Hard",
      "options": [
        { "img": "", "label": "School" },
        { "img": "", "label": "Flock" },
        { "img": "}", "label": "Passel" },
        { "img": "", "label": "Murder" }
      ],
      "points": "8",
      "question": "What is a group of crows called?",
      "questionImg": ""
    }
  ]
}
