{
  "History": [
    {
      "avgTime": 13,
      "chapter": "",
      "correct": "1",
      "level": "Easy",
      "options": [
        { "img": "", "label": "Labour Party" },
        { "img": "", "label": "Nazi Party" },
        { "img": "}", "label": "Ku-Klux-Klan" },
        { "img": "", "label": "Democratic Party" }
      ],
      "points": "2",
      "question": "Hitler party which came into power in 1933 is known as",
      "questionImg": ""
    },
    {
      "avgTime": 14,
      "chapter": "",
      "correct": "0",
      "level": "Medium",
      "options": [
        { "img": "", "label": "1940" },
        { "img": "", "label": "1941" },
        { "img": "}", "label": "1942" },
        { "img": "", "label": "1943" }
      ],
      "points": "4",
      "question": "During World War II, when did Germany attack France?",
      "questionImg": ""
    },

    {
      "avgTime": 16,
      "chapter": "",
      "correct": "1",
      "level": "Hard",
      "options": [
        { "img": "", "label": "B.S. 2063 Bhadra 18" },
        { "img": "", "label": "B.S. 2063 Jeth 21" },
        { "img": "}", "label": "B.S. 2061 Asaar 12" },
        { "img": "", "label": "B.S. 2063 Jeth 29" }
      ],
      "points": "8",
      "question": " When was the Untouchable-free Nation Announced to Nepal?",
      "questionImg": ""
    },
    {
      "avgTime": 16,
      "chapter": "",
      "correct": "2",
      "level": "Hard",
      "options": [
        { "img": "", "label": "Seto baagh" },
        { "img": "", "label": "Maitighar" },
        { "img": "}", "label": "Badal Pari" },
        { "img": "", "label": "Hami Teen Bhai" }
      ],
      "points": "8",
      "question": "Which is the Nepalese movie kept on the first Internet?",
      "questionImg": ""
    },
    {
      "avgTime": 15,
      "chapter": "",
      "correct": "2",
      "level": "Hard",
      "options": [
        {
          "img": "",
          "label": "Clement Attlee, Prime Minister of the United Kingdom (1945–1951)"
        },
        {
          "img": "",
          "label": "David Ben-Gurion, Prime Minister of Israel (1948–1954; 1955–1963)"
        },
        { "img": "}", "label": "Karl Marx" },
        {
          "img": "",
          "label": "Michelle Bachelet, President of Chile (2006–2010; 2014–2018)"
        }
      ],
      "points": "8",
      "question": "Who is also known as the founder of scientific socialism?",
      "questionImg": ""
    },
    {
      "avgTime": 12,
      "chapter": "",
      "correct": "1",
      "level": "Hard",
      "options": [
        { "img": "", "label": "1968" },
        { "img": "", "label": "1929" },
        { "img": "}", "label": "1901" },
        { "img": "", "label": "1965" }
      ],
      "points": "8",
      "question": "Oscar Awards were instituted in",
      "questionImg": ""
    },
    {
      "avgTime": 12,
      "chapter": "",
      "correct": "1",
      "level": "Medium",
      "options": [
        { "img": "", "label": "France" },
        { "img": "", "label": "Athens" },
        { "img": "}", "label": "Greece" },
        { "img": "", "label": "China" }
      ],
      "points": "4",
      "question": "Socrates was the wisest man of the ancient world and developed the method of enquiry and instruction, belonged to",
      "questionImg": ""
    },
    {
      "avgTime": 12,
      "chapter": "",
      "correct": "1",
      "level": "Medium",
      "options": [
        { "img": "", "label": "1139 AD" },
        { "img": "", "label": "1163 AD" },
        { "img": "}", "label": "215 BC" },
        { "img": "", "label": "55 BC" }
      ],
      "points": "4",
      "question": "Oxford university was founded in",
      "questionImg": ""
    },
    {
      "avgTime": 14,
      "chapter": "",
      "correct": "2",
      "level": "Hard",
      "options": [
        { "img": "", "label": "Yalambar" },
        { "img": "", "label": "Stungko" },
        { "img": "}", "label": "Jitedasti" },
        { "img": "", "label": "Phukong" }
      ],
      "points": "8",
      "question": "During which Kirati ruler's rule did 'Gautam Buddha' visited Nepal?",
      "questionImg": ""
    },
    {
      "avgTime": 14,
      "chapter": "",
      "correct": "2",
      "level": "Medium",
      "options": [
        { "img": "", "label": "Dhyak" },
        { "img": "", "label": "1 Anna" },
        { "img": "}", "label": "Manaka" },
        { "img": "", "label": "One Rupees" }
      ],
      "points": "4",
      "question": "Which is the oldest known 'coin' of Nepal?",
      "questionImg": ""
    },
    {
      "avgTime": 14,
      "chapter": "",
      "correct": "1",
      "level": "Medium",
      "options": [
        { "img": "", "label": "Prithivi Narayan Shah" },
        { "img": "", "label": "Gyanedra Shah" },
        { "img": "}", "label": "Mahendra Shah" },
        { "img": "", "label": "Birendra Shah" }
      ],
      "points": "4",
      "question": "Which King has been crowned king twice in Nepal?",
      "questionImg": ""
    }
  ]
}
