{
  "Biology": [
    {
      "avgTime": 15,
      "chapter": "Animal Kingdom",
      "correct": "1",
      "level": "Easy",
      "options": [
        { "img": "", "label": "Coelomate" },
        { "img": "", "label": "Acoelomate" },
        { "img": "}", "label": "Pseudocoelomate" },
        { "img": "", "label": "Haemocoelomate" }
      ],
      "points": "2",
      "question": "Hydra is",
      "questionImg": "https://www.google.com/url?sa=i&url=https%3A%2F%2Fwww.nytimes.com%2F2021%2F12%2F11%2Fscience%2Fhydra-regrow-head.html&psig=AOvVaw3MSjvCmwVd8DUjFo1M3433&ust=1671534438492000&source=images&cd=vfe&ved=0CA0QjRxqFwoTCJDh1ZvFhfwCFQAAAAAdAAAAABAD"
    },
    {
      "avgTime": 15,
      "chapter": "Animal Kingdom",
      "correct": "1",
      "level": "Medium",
      "options": [
        { "img": "", "label": "Protozoa" },
        { "img": "", "label": "Porifera" },
        { "img": "}", "label": "Arthopoda" },
        { "img": "", "label": "Echinodermata" }
      ],
      "points": "4",
      "question": "Water Canal system is found in",
      "questionImg": ""
    },
    {
      "avgTime": 15,
      "chapter": "Animal Kingdom",
      "correct": "1",
      "level": "Easy",
      "options": [
        { "img": "", "label": "Coelentrata" },
        { "img": "", "label": "Arthopoda" },
        { "img": "}", "label": "Porifera" },
        { "img": "", "label": "Aschelminthes" }
      ],
      "points": "2",
      "question": "Jointed leg is the main characteristics of",
      "questionImg": ""
    },
    {
      "avgTime": 15,
      "chapter": "Animal Kingdom",
      "correct": "0",
      "level": "Easy",
      "options": [
        { "img": "", "label": "Porifera" },
        { "img": "", "label": "Coelentrata" },
        { "img": "}", "label": "Chordata" },
        { "img": "", "label": "Mollusca" }
      ],
      "points": "2",
      "question": "Sponges belongs to phylum",
      "questionImg": ""
    },
    {
      "avgTime": 15,
      "chapter": "Animal Kingdom",
      "correct": "0",
      "level": "Medium",
      "options": [
        { "img": "", "label": "Echinodermata" },
        { "img": "", "label": "Annelida" },
        { "img": "}", "label": "Mollusca" },
        { "img": "", "label": "Porifera" }
      ],
      "points": "4",
      "question": "Pearl secreating phylum is",
      "questionImg": ""
    },
    {
      "avgTime": 15,
      "chapter": "Animal Kingdom",
      "correct": "2",
      "level": "Medium",
      "options": [
        { "img": "", "label": "Giardia" },
        { "img": "", "label": "Trypanosoma" },
        { "img": "}", "label": "Leishmania" },
        { "img": "", "label": "Tse Tse fly" }
      ],
      "points": "4",
      "question": "Kala-azar is caused by",
      "questionImg": ""
    },
    {
      "avgTime": 15,
      "chapter": "Animal Kingdom",
      "correct": "1",
      "level": "Hard",
      "options": [
        { "img": "", "label": "Dog tapeworm" },
        { "img": "", "label": "Pork tapeworm" },
        { "img": "}", "label": "Fish tapeworm" },
        { "img": "", "label": "Beef tapeworm" }
      ],
      "points": "8",
      "question": "Common name or Taenia solium is",
      "questionImg": ""
    },
    {
      "avgTime": 15,
      "chapter": "Animal Kingdom",
      "correct": "1",
      "level": "Hard",
      "options": [
        { "img": "", "label": "R.H Whittacer" },
        { "img": "", "label": "Carolous linnaeus" },
        { "img": "}", "label": "Mendle" },
        { "img": "", "label": "Batson" }
      ],
      "points": "8",
      "question": "Binomial system of nomenclature was given by",
      "questionImg": ""
    },
    {
      "avgTime": 15,
      "chapter": "Animal Kingdom",
      "correct": "1",
      "level": "Easy",
      "options": [
        { "img": "", "label": "Arboreal animal" },
        { "img": "", "label": "Fossorial animal" },
        { "img": "}", "label": "Cursorial animal" },
        { "img": "", "label": "Saltatorial" }
      ],
      "points": "2",
      "question": "Those animals which mostly live in the underground holes and burrow are called",
      "questionImg": ""
    },
    {
      "avgTime": 15,
      "chapter": "Animal Kingdom",
      "correct": "3",
      "level": "Medium",
      "options": [
        { "img": "", "label": "Aquatic" },
        { "img": "", "label": "Terrestial" },
        { "img": "}", "label": "Fossorial" },
        { "img": "", "label": "Arboreal" }
      ],
      "points": "4",
      "question": "Tree dwelling animals are",
      "questionImg": ""
    }
  ],
  "Vetebrates": [
    {
      "avgTime": 15,
      "chapter": "Vertebrates",
      "correct": "3",
      "level": "Easy",
      "options": [
        { "img": "", "label": "Three chambered heart" },
        { "img": "", "label": "Low body temperture" },
        { "img": "}", "label": "External ear" },
        { "img": "", "label": "Feathers" }
      ],
      "points": "2",
      "question": "Birds have",
      "questionImg": ""
    },
    {
      "avgTime": 15,
      "chapter": "Vertebrates",
      "correct": "1",
      "level": "Medium",
      "options": [
        { "img": "", "label": "Prosimans" },
        { "img": "", "label": "primates" },
        { "img": "}", "label": "edentates" },
        { "img": "", "label": "cetacea" }
      ],
      "points": "4",
      "question": "Man belongs to the group",
      "questionImg": ""
    },
    {
      "avgTime": 15,
      "chapter": "Vertebrates",
      "correct": "2",
      "level": "Hard",
      "options": [
        { "img": "", "label": "Fragmentaion" },
        { "img": "", "label": "Hypertomy" },
        { "img": "}", "label": "Auotomy" },
        { "img": "", "label": "Hypotomy" }
      ],
      "points": "8",
      "question": "When lizard is threatened they can break of their tails and escape. This phenomenon is called",
      "questionImg": ""
    },
    {
      "avgTime": 15,
      "chapter": "Vertebrates",
      "correct": "1",
      "level": "Easy",
      "options": [
        { "img": "", "label": "Fishes" },
        { "img": "", "label": "Amphibians" },
        { "img": "}", "label": "Reptiles" },
        { "img": "", "label": "Mammals" }
      ],
      "points": "2",
      "question": "Dual nature of habitation is shown by",
      "questionImg": ""
    },
    {
      "avgTime": 15,
      "chapter": "Vertebrates",
      "correct": "2",
      "level": "Medium",
      "options": [
        { "img": "", "label": "8 pairs" },
        { "img": "", "label": "10 pairs" },
        { "img": "}", "label": "12 pairs" },
        { "img": "", "label": "14 pairs" }
      ],
      "points": "4",
      "question": "No.of cranial nerves in mammals is",
      "questionImg": ""
    },
    {
      "avgTime": 15,
      "chapter": "Vertebrates",
      "correct": "0",
      "level": "Medium",
      "options": [
        { "img": "", "label": "Herpetology" },
        { "img": "", "label": "Icthyology" },
        { "img": "}", "label": "Entomology" },
        { "img": "", "label": "Ornithology" }
      ],
      "points": "4",
      "question": "Science dealing with the study of reptile is",
      "questionImg": ""
    },
    {
      "avgTime": 15,
      "chapter": "Vertebrates",
      "correct": "0",
      "level": "Medium",
      "options": [
        { "img": "", "label": "Aves" },
        { "img": "", "label": "Reptile" },
        { "img": "}", "label": "Amphibians" },
        { "img": "", "label": "Reptiles" }
      ],
      "points": "4",
      "question": "Pneumaic bones are found in",
      "questionImg": ""
    },
    {
      "avgTime": 15,
      "chapter": "Vertebrates",
      "correct": "2",
      "level": "Medium",
      "options": [
        { "img": "", "label": "Ominvorous" },
        { "img": "", "label": "Carnivorous" },
        { "img": "}", "label": "Herbivorous" },
        { "img": "", "label": "Insectivorous" }
      ],
      "points": "4",
      "question": "A tadpole of frog is",
      "questionImg": "https://www.google.com/imgres?imgurl=https%3A%2F%2Fcdn.britannica.com%2F23%2F124223-050-D46F70F6%2FLittlejohn-tree-frog-tadpole.jpg&imgrefurl=https%3A%2F%2Fwww.britannica.com%2Fscience%2Ftadpole&tbnid=eQ3nvwMasH0s1M&vet=12ahUKEwidt8SCh4j8AhVyitgFHV6CAysQMygCegUIARC6AQ..i&docid=lgLZeDSx4_6ZNM&w=1600&h=882&q=tadpole%20of%20frog%20feeds%20upon&ved=2ahUKEwidt8SCh4j8AhVyitgFHV6CAysQMygCegUIARC6AQ"
    },
    {
      "avgTime": 15,
      "chapter": "Vertebrates",
      "correct": "2",
      "level": "Medium",
      "options": [
        { "img": "", "label": "All invertebrates" },
        { "img": "", "label": "Some invertebrates" },
        { "img": "}", "label": "All chordates" },
        { "img": "", "label": "Some chordates" }
      ],
      "points": "4",
      "question": "Dorsal tubular nerve cord is found in",
      "questionImg": ""
    },
    {
      "avgTime": 15,
      "chapter": "Vertebrates",
      "correct": "2",
      "level": "Medium",
      "options": [
        { "img": "", "label": "An amphibian" },
        { "img": "", "label": "A reptile" },
        { "img": "}", "label": "A bird" },
        { "img": "", "label": "A mammal" }
      ],
      "points": "4",
      "question": "Keeled sternum is found in",
      "questionImg": ""
    }
  ],
  "Eolution": [
    {
      "avgTime": 15,
      "chapter": "Evolution",
      "correct": "0",
      "level": "Medium",
      "options": [
        { "img": "", "label": "Inheritance of acquirerd character" },
        { "img": "", "label": "Descent with change" },
        { "img": "}", "label": "Natural seletcion" },
        { "img": "", "label": "Continuity of generation" }
      ],
      "points": "4",
      "question": "Key point of Lamarkism is",
      "questionImg": ""
    },
    {
      "avgTime": 15,
      "chapter": "Evolution",
      "correct": "1",
      "level": "Medium",
      "options": [
        { "img": "", "label": "Mutation" },
        { "img": "", "label": "Natural selection" },
        { "img": "}", "label": "Hybridization" },
        { "img": "", "label": "Acquired characters" }
      ],
      "points": "4",
      "question": "Darwin propsed thatt origin of species is by",
      "questionImg": ""
    },
    {
      "avgTime": 15,
      "chapter": "Evolution",
      "correct": "0",
      "level": "Medium",
      "options": [
        { "img": "", "label": "Fossils" },
        { "img": "", "label": "Birds" },
        { "img": "}", "label": "Embryo" },
        { "img": "", "label": "Disease " }
      ],
      "points": "4",
      "question": "Paleontology deals with sudy of",
      "questionImg": ""
    },
    {
      "avgTime": 15,
      "chapter": "Evolution",
      "correct": "2",
      "level": "Medium",
      "options": [
        { "img": "", "label": "Darwin" },
        { "img": "", "label": "Lamark" },
        { "img": "}", "label": "Hugo De Vries" },
        { "img": "", "label": "Carolous linnaeus" }
      ],
      "points": "4",
      "question": "Mutation theory of revolution was given by",
      "questionImg": ""
    },
    {
      "avgTime": 15,
      "chapter": "Evolution",
      "correct": "1",
      "level": "Hard",
      "options": [
        { "img": "", "label": "Hugo De Vries" },
        { "img": "", "label": "Lamarkism" },
        { "img": "}", "label": "Darwinism" },
        { "img": "", "label": "Neo-darwinism" }
      ],
      "points": "8",
      "question": "Use and dis-use of organ is related to",
      "questionImg": ""
    },
    {
      "avgTime": 15,
      "chapter": "Evolution",
      "correct": "1",
      "level": "Medium",
      "options": [
        { "img": "", "label": "Virus" },
        { "img": "", "label": "Euglena" },
        { "img": "}", "label": "Archeopteryx" },
        { "img": "", "label": "ornithorhynchus" }
      ],
      "points": "4",
      "question": "Connecting link between living and non-living organism is",
      "questionImg": ""
    },
    {
      "avgTime": 15,
      "chapter": "Evolution",
      "correct": "1",
      "level": "Medium",
      "options": [
        { "img": "", "label": "Birds/finches" },
        { "img": "", "label": "Oenothera Lamarkina" },
        { "img": "}", "label": "Mice" },
        { "img": "", "label": "Giraffe" }
      ],
      "points": "4",
      "question": "Darwin experimentes on",
      "questionImg": ""
    }
  ],
  "Blood": [
    {
      "avgTime": 15,
      "chapter": "Blood",
      "correct": "1",
      "level": "Medium",
      "options": [
        { "img": "", "label": "epithelial tissue" },
        { "img": "", "label": "connective tissue" },
        { "img": "}", "label": "muscular tissue" },
        { "img": "", "label": "nervous tissue" }
      ],
      "points": "4",
      "question": "Blood is regarded as a:",
      "questionImg": ""
    },
    {
      "avgTime": 15,
      "chapter": "Blood",
      "correct": "1",
      "level": "Medium",
      "options": [
        { "img": "", "label": "7.15-7.35" },
        { "img": "", "label": "7.35-7.45" },
        { "img": "}", "label": "7.25-7.85" },
        { "img": "", "label": "6.35-6.45" }
      ],
      "points": "4",
      "question": "Normal range of blood pH is:",
      "questionImg": ""
    },
    {
      "avgTime": 15,
      "chapter": "Blood",
      "correct": "1",
      "level": "Easy",
      "options": [
        { "img": "", "label": "100 Days" },
        { "img": "", "label": "120 Days" },
        { "img": "}", "label": "180 Days" },
        { "img": "", "label": "365 Days" }
      ],
      "points": "2",
      "question": "The life span of a mature RBC is about:",
      "questionImg": ""
    },
    {
      "avgTime": 15,
      "chapter": "Blood",
      "correct": "2",
      "level": "Medium",
      "options": [
        { "img": "", "label": "Erthyrocyte" },
        { "img": "", "label": "Monocyte" },
        { "img": "}", "label": "Basophil" },
        { "img": "", "label": "Neutrophil" }
      ],
      "points": "4",
      "question": "The largest blood cell is:",
      "questionImg": ""
    },
    {
      "avgTime": 15,
      "chapter": "Blood",
      "correct": "0",
      "level": "Easy",
      "options": [
        { "img": "", "label": "0" },
        { "img": "", "label": "A" },
        { "img": "}", "label": "AB" },
        { "img": "", "label": "B" }
      ],
      "points": "2",
      "question": "Which of the following blood group is often called the universal donor?",
      "questionImg": ""
    },
    {
      "avgTime": 15,
      "chapter": "Blood",
      "correct": "2",
      "level": "Medium",
      "options": [
        { "img": "", "label": "haemorrhage" },
        { "img": "", "label": "haemolysis" },
        { "img": "}", "label": "hookworm infestation" },
        { "img": "", "label": "malaria" }
      ],
      "points": "4",
      "question": "The most common cause of anaemia in Nepal is:",
      "questionImg": ""
    },
    {
      "avgTime": 15,
      "chapter": "Blood",
      "correct": "1",
      "level": "Hard",
      "options": [
        { "img": "", "label": "A,O" },
        { "img": "", "label": "A,B" },
        { "img": "}", "label": "A,B,O" },
        { "img": "", "label": "A,B,AB,O" }
      ],
      "points": "8",
      "question": "If father has blood group AB and mother O,the possible blood gropus of thier children would be:",
      "questionImg": ""
    },
    {
      "avgTime": 15,
      "chapter": "Blood",
      "correct": "1",
      "level": "Hard",
      "options": [
        { "img": "", "label": "no antibodies; A and B antigens" },
        { "img": "", "label": "anti-B antibody; A antigen" },
        { "img": "}", "label": "anti-A antibody; B antigen" },
        { "img": "", "label": "anti-A and anti-B antibodies; no antigen" }
      ],
      "points": "8",
      "question": "In blood group A there is:",
      "questionImg": ""
    },
    {
      "avgTime": 15,
      "chapter": "Blood",
      "correct": "3",
      "level": "Medium",
      "options": [
        { "img": "", "label": "RBCs" },
        { "img": "", "label": "WBCs" },
        { "img": "}", "label": "Platelets" },
        { "img": "", "label": "Electrolytes" }
      ],
      "points": "4",
      "question": "Viscosity is mainly due to:",
      "questionImg": ""
    },
    {
      "avgTime": 15,
      "chapter": "Blood",
      "correct": "0",
      "level": "Hard",
      "options": [
        { "img": "", "label": "Heparin" },
        { "img": "", "label": "Protein" },
        { "img": "}", "label": "Fibrinogen" },
        { "img": "", "label": "Thromboplastin" }
      ],
      "points": "8",
      "question": "Which of the following is an anticoagulant?",
      "questionImg": ""
    }
  ],
  "Respiratory System": [
    {
      "avgTime": 15,
      "chapter": "Respiratory System",
      "correct": "3",
      "level": "Medium",
      "options": [
        { "img": "", "label": "Pneumonia" },
        { "img": "", "label": "Haemothorax" },
        { "img": "}", "label": "Empysema" },
        { "img": "", "label": "Leprosy" }
      ],
      "points": "4",
      "question": "All are respiratory diseases except",
      "questionImg": ""
    },
    {
      "avgTime": 15,
      "chapter": "Respiratory System",
      "correct": "0",
      "level": "Hard",
      "options": [
        { "img": "", "label": "9" },
        { "img": "", "label": "7" },
        { "img": "}", "label": "16-20" },
        { "img": "", "label": "12" }
      ],
      "points": "8",
      "question": "Larynx consists of___cartilages",
      "questionImg": ""
    },
    {
      "avgTime": 15,
      "chapter": "Respiratory System",
      "correct": "0",
      "level": "Easy",
      "options": [
        { "img": "", "label": "lung" },
        { "img": "", "label": "skin" },
        { "img": "}", "label": "liver" },
        { "img": "", "label": "heart" }
      ],
      "points": "2",
      "question": "Smokers are likely to suffer from___cancer.",
      "questionImg": ""
    },
    {
      "avgTime": 15,
      "chapter": "Respiratory System",
      "correct": "3",
      "level": "Medium",
      "options": [
        { "img": "", "label": "5" },
        { "img": "", "label": "4" },
        { "img": "}", "label": "3" },
        { "img": "", "label": "2" }
      ],
      "points": "4",
      "question": "The left lungs has___lobes.",
      "questionImg": ""
    },
    {
      "avgTime": 15,
      "chapter": "Respiratory System",
      "correct": "1",
      "level": "Hard",
      "options": [
        { "img": "", "label": "2" },
        { "img": "", "label": "3" },
        { "img": "}", "label": "4" },
        { "img": "", "label": "5" }
      ],
      "points": "8",
      "question": "The right lungs has___lobes.",
      "questionImg": ""
    },
    {
      "avgTime": 15,
      "chapter": "Respiratory System",
      "correct": "1",
      "level": "Medium",
      "options": [
        { "img": "", "label": "5 cm" },
        { "img": "", "label": "10 cm" },
        { "img": "}", "label": "15 cm" },
        { "img": "", "label": "20 cm" }
      ],
      "points": "4",
      "question": "Trachea is___long.",
      "questionImg": ""
    },
    {
      "avgTime": 15,
      "chapter": "Respiratory System",
      "correct": "1",
      "level": "Hard",
      "options": [
        { "img": "", "label": "Emphysema" },
        { "img": "", "label": "Pneumothorax" },
        { "img": "}", "label": "Hemothorax" },
        { "img": "", "label": "Hydrothorax" }
      ],
      "points": "8",
      "question": "Presence of air in pleural cavity is",
      "questionImg": ""
    },
    {
      "avgTime": 15,
      "chapter": "Respiratory System",
      "correct": "1",
      "level": "Hard",
      "options": [
        { "img": "", "label": "1000 ml" },
        { "img": "", "label": "500 ml" },
        { "img": "}", "label": "360 ml" },
        { "img": "", "label": "150 ml" }
      ],
      "points": "8",
      "question": "Tidal volume(generally)is",
      "questionImg": ""
    },
    {
      "avgTime": 15,
      "chapter": "Respiratory System",
      "correct": "1",
      "level": "Hard",
      "options": [
        { "img": "", "label": "common cough" },
        { "img": "", "label": "pinaas" },
        { "img": "}", "label": "cough" },
        { "img": "", "label": "gums swelling" }
      ],
      "points": "8",
      "question": "'Sinusitis 'is the medical term for",
      "questionImg": ""
    },
    {
      "avgTime": 15,
      "chapter": "Respiratory System",
      "correct": "1",
      "level": "Medium",
      "options": [
        { "img": "", "label": "Larynx" },
        { "img": "", "label": "Pharynx" },
        { "img": "}", "label": "Trachea" },
        { "img": "", "label": "Nose" }
      ],
      "points": "4",
      "question": "Tonsils are present in",
      "questionImg": ""
    }
  ]
}
