{
  "Sports": [
    {
      "avgTime": 15,
      "chapter": "",
      "correct": "1",
      "level": "Hard",
      "options": [
        { "img": "", "label": "26 m x 14 m" },
        { "img": "", "label": "28 m x 15 m" },
        { "img": "}", "label": "27 m x 16 m" },
        { "img": "", "label": "28 m x 16 m" }
      ],
      "points": "8",
      "question": "For the Olympics and World Tournaments, the dimensions of basketball court are",
      "questionImg": ""
    },
    {
      "avgTime": 18,
      "chapter": "",
      "correct": "0",
      "level": "Hard",
      "options": [
        { "img": "", "label": "1958 in Tokyo" },
        { "img": "", "label": "1962 in Jakarta" },
        { "img": "}", "label": "1966 in Bangkok" },
        { "img": "", "label": "1970 in Bangkok" }
      ],
      "points": "8",
      "question": "Hockey was introduced in the Asian Games in",
      "questionImg": ""
    },
    {
      "avgTime": 18,
      "chapter": "",
      "correct": "0",
      "level": "Medium",
      "options": [
        { "img": "", "label": "nternational Civil Aviation Organization" },
        {
          "img": "",
          "label": "Indian Corporation of Agriculture Organization"
        },
        {
          "img": "}",
          "label": "Institute of Company of Accounts Organization"
        },
        { "img": "", "label": "None of the above" }
      ],
      "points": "4",
      "question": "ICAO stands for",
      "questionImg": ""
    },
    {
      "avgTime": 16,
      "chapter": "",
      "correct": "2",
      "level": "Hard",
      "options": [
        { "img": "", "label": "401" },
        { "img": "", "label": "302" },
        { "img": "}", "label": "336" },
        { "img": "", "label": "469" }
      ],
      "points": "8",
      "question": " How many dimples does an average golf ball have?",
      "questionImg": ""
    },
    {
      "avgTime": 12,
      "chapter": "",
      "correct": "2",
      "level": "Medium",
      "options": [
        { "img": "", "label": "Swimming" },
        { "img": "", "label": "Marathon" },
        { "img": "}", "label": "Bicycle" },
        { "img": "", "label": "Supercars" }
      ],
      "points": "4",
      "question": "What type of race is the Tour de France?",
      "questionImg": ""
    },
    {
      "avgTime": 15,
      "chapter": "",
      "correct": "3",
      "level": "Hard",
      "options": [
        { "img": "", "label": "Philadelphia Warriors" },
        { "img": "", "label": "Chicago Stags" },
        { "img": "}", "label": "Boston Celtics" },
        { "img": "", "label": "The New York Knicks" }
      ],
      "points": "8",
      "question": "What team won the very first NBA game in 1946?",
      "questionImg": ""
    },
    {
      "avgTime": 15,
      "chapter": "",
      "correct": "2",
      "level": "Hard",
      "options": [
        { "img": "", "label": "Miami Heat" },
        { "img": "", "label": "Chicago Bulls" },
        { "img": "}", "label": "Los Angeles Lakers" },
        { "img": "", "label": "Golden Stat Warriors" }
      ],
      "points": "8",
      "question": "What team owns the longest winning streak in NBA history?",
      "questionImg": ""
    },
    {
      "avgTime": 15,
      "chapter": "",
      "correct": "2",
      "level": "Medium",
      "options": [
        { "img": "", "label": "Arsenal" },
        { "img": "", "label": "Man City" },
        { "img": "}", "label": "Nottingham Forest " },
        { "img": "", "label": "Chelsea F.C." }
      ],
      "points": "4",
      "question": "Liverpool have won six Champions Leagues and Manchester United have won three, but who are England's third most successful team in the competition with two titles?",
      "questionImg": ""
    },
    {
      "avgTime": 15,
      "chapter": "",
      "correct": "2",
      "level": "Medium",
      "options": [
        { "img": "", "label": "Arsenal" },
        { "img": "", "label": "Liverpool" },
        { "img": "}", "label": "Man United" },
        { "img": "", "label": "Chelsea F.C." }
      ],
      "points": "4",
      "question": "Which team won the first Premier League title?",
      "questionImg": ""
    },
    {
      "avgTime": 12,
      "chapter": "",
      "correct": "2",
      "level": "Medium",
      "options": [
        { "img": "", "label": "Christiano Ronaldo" },
        { "img": "", "label": "Neymar Jr." },
        { "img": "}", "label": "Conor McGregor" },
        { "img": "", "label": "LeBron James" }
      ],
      "points": "4",
      "question": "Who is the world’s highest-paid athlete in 2021?",
      "questionImg": ""
    },
    {
      "avgTime": 14,
      "chapter": "",
      "correct": "1",
      "level": "Easy",
      "options": [
        { "img": "", "label": "Cristiano Ronaldo" },
        { "img": "", "label": "Lionel Messi" },
        { "img": "}", "label": "Mbappe" },
        { "img": "", "label": "Robert Lewandowski" }
      ],
      "points": "2",
      "question": "In the FIFA World Cup 2022, who won Golden Ball for the best player?",
      "questionImg": ""
    }
  ]
}
