{
  "Metals and Non-metals": {
    "chapterName": "Metals and Non-metals",
    "noOfQuestion": 10,
    "questions": [
      {
        "avgTime": 10,
        "chapter": "Metals and Non-metals",
        "correct": "1",
        "level": "Easy",
        "options": [
          { "img": "", "label": "Kaolinite" },
          { "img": "", "label": "Bauxite " },
          { "img": "}", "label": "Malachite " },
          { "img": "", "label": "Cinnabar" }
        ],
        "points": "2",
        "question": "The primary ore of aluminium is which of the following?",
        "questionImg": ""
      },
      {
        "avgTime": 10,
        "chapter": "Metals and Non-metals",
        "correct": "3",
        "level": "Medium",
        "options": [
          { "img": "", "label": "Hematite" },
          { "img": "", "label": "Magnetite " },
          { "img": "}", "label": "Siderite " },
          { "img": "", "label": " Iron Pyrites" }
        ],
        "points": "3",
        "question": "Which of the following is not an appropriate ore for iron extraction?",
        "questionImg": ""
      },
      {
        "avgTime": 10,
        "chapter": "Metals and Non-metals",
        "correct": "3",
        "level": "Medium",
        "options": [
          { "img": "", "label": "Zinc" },
          { "img": "", "label": "Copper " },
          { "img": "}", "label": "Iron " },
          { "img": "", "label": "Mercury" }
        ],
        "points": "3",
        "question": "Cinnabar is used to extract which metal?",
        "questionImg": ""
      },
      {
        "avgTime": 10,
        "chapter": "Metals and Non-metals",
        "correct": "0",
        "level": "Medium",
        "options": [
          {
            "img": "",
            "label": "Aluminium is a poor conductor of heat and electricity"
          },
          { "img": "", "label": "Aluminium is light in weight" },
          { "img": "}", "label": "It readily dissolves in HCl" },
          { "img": "", "label": "Aluminium is highly resistant to corrosion" }
        ],
        "points": "3",
        "question": "Aluminium does not have which of the following properties?",
        "questionImg": ""
      },
      {
        "avgTime": 10,
        "chapter": "Metals and Non-metals",
        "correct": "1",
        "level": "Medium",
        "options": [
          { "img": "", "label": "Cobalt is a lustrous white metal" },
          { "img": "", "label": "It is attacked by alkalies" },
          { "img": "}", "label": "Cobalt is malleable" },
          { "img": "", "label": "Cobalt is ductile" }
        ],
        "points": "3",
        "question": "Which of the following isn’t a cobalt property?",
        "questionImg": ""
      },
      {
        "avgTime": 10,
        "chapter": "Metals and Non-metals",
        "correct": "0",
        "level": "Medium",
        "options": [
          { "img": "", "label": "Limonite" },
          { "img": "", "label": "Zincite" },
          { "img": "}", "label": "Calamine " },
          { "img": "", "label": "Franklinite" }
        ],
        "points": "3",
        "question": "Which one of the following is not a zinc ore?",
        "questionImg": ""
      },
      {
        "avgTime": 10,
        "chapter": "Metals and Non-metals",
        "correct": "1",
        "level": "Medium",
        "options": [
          { "img": "", "label": "Brass" },
          { "img": "", "label": "Bronze " },
          { "img": "}", "label": "Duralumin " },
          { "img": "", "label": "Nichrome" }
        ],
        "points": "3",
        "question": "Copper and zinc alloy is known as __________",
        "questionImg": ""
      },
      {
        "avgTime": 10,
        "chapter": "Metals and Non-metals",
        "correct": "3",
        "level": "Medium",
        "options": [
          { "img": "", "label": "Copper" },
          { "img": "", "label": "Nickel " },
          { "img": "}", "label": "Iron" },
          { "img": "", "label": "Aluminum" }
        ],
        "points": "3",
        "question": "The main component of Duralumin alloy is ____________",
        "questionImg": ""
      },
      {
        "avgTime": 10,
        "chapter": "Metals and Non-metals",
        "correct": "0",
        "level": "Medium",
        "options": [
          { "img": "", "label": "98 percent" },
          { "img": "", "label": "94 percent" },
          { "img": "}", "label": "86 percent" },
          { "img": "", "label": "74 percent" }
        ],
        "points": "3",
        "question": "In calamine, what is the zinc concentration?",
        "questionImg": ""
      }
    ]
  },
  "Periodic Classification of Elements": {
    "chaperName": "Periodic Classification of Elements",
    "noOfQuestion": 10,
    "questions": [
      {
        "avgTime": 10,
        "chapter": "Periodic Classification of Elements",
        "correct": "1",
        "level": "Medium",
        "options": [
          { "img": "", "label": " Li, Na, and K" },
          { "img": "", "label": "He, Na and Ar" },
          { "img": "}", "label": "Ca, Sr and Ba" },
          { "img": "", "label": " CL, Br and I" }
        ],
        "points": "3",
        "question": "Which of the following does not belong to the group of Doberiener’s triad?",
        "questionImg": ""
      },
      {
        "avgTime": 10,
        "chapter": "Periodic Classification of Elements",
        "correct": "0",
        "level": "Medium",
        "options": [
          { "img": "", "label": " Atomic Weights" },
          { "img": "", "label": " Atomic Number" },
          { "img": "}", "label": "Chemical properties" },
          { "img": "", "label": "No of protons" }
        ],
        "points": "3",
        "question": "The attributes of corresponding elements are the periodic functions of the ________",
        "questionImg": ""
      },
      {
        "avgTime": 10,
        "chapter": "Periodic Classification of Elements",
        "correct": "3",
        "level": "Medium",
        "options": [
          { "img": "", "label": "Atomic mass" },
          { "img": "", "label": " Element behaviour" },
          { "img": "}", "label": " No of electrons" },
          { "img": "", "label": " Atomic number" }
        ],
        "points": "3",
        "question": " An element`s physical and chemical properties are a periodic function of its mass",
        "questionImg": ""
      },
      {
        "avgTime": 10,
        "chapter": "Periodic Classification of Elements",
        "correct": "2",
        "level": "Medium",
        "options": [
          { "img": "", "label": "periods" },
          { "img": "", "label": "groups " },
          { "img": "}", "label": "series " },
          { "img": "", "label": "rows" }
        ],
        "points": "3",
        "question": "Mendeleev’s periodic table’s horizontal rows were called __________",
        "questionImg": ""
      },
      {
        "avgTime": 10,
        "chapter": "Periodic Classification of Elements",
        "correct": "3",
        "level": "Hard",
        "options": [
          { "img": "", "label": "Azimuthal quantum number b) " },
          { "img": "", "label": "Spin quantum number" },
          { "img": "}", "label": "Magnetic quantum number" },
          { "img": "", "label": "Principal quantum number" }
        ],
        "points": "4",
        "question": "The greatest number in the period correlates to the highest number in the period.",
        "questionImg": ""
      },
      {
        "avgTime": 10,
        "chapter": "Periodic Classification of Elements",
        "correct": "3",
        "level": "Medium",
        "options": [
          { "img": "", "label": "Ni" },
          { "img": "", "label": "Au" },
          { "img": "}", "label": "La" },
          { "img": "", "label": "Nb" }
        ],
        "points": "4",
        "question": ". Which of the following elements belongs to the periodic table`s second transition( elements that have partially filled d orbitals.) series?",
        "questionImg": ""
      },
      {
        "avgTime": 10,
        "chapter": "Periodic Classification of Elements",
        "correct": "0",
        "level": "Hard",
        "options": [
          { "img": "", "label": "Metallic" },
          { "img": "", "label": "Non-metallic " },
          { "img": "}", "label": "Metalloid " },
          { "img": "", "label": "Varies from element to element" }
        ],
        "points": "4",
        "question": "What are the transition( elements that have partially filled d orbitals. ) elements’ characteristics?",
        "questionImg": ""
      },
      {
        "avgTime": 10,
        "chapter": "Periodic Classification of Elements",
        "correct": "2",
        "level": "Medium",
        "options": [
          { "img": "", "label": "Acidic nature only" },
          { "img": "", "label": "Basic nature only" },
          { "img": "}", "label": "Both acidic nature and basic nature" },
          { "img": "", "label": "Nothing" }
        ],
        "points": "3",
        "question": " What may a litmus paper be used to test?",
        "questionImg": ""
      }
    ]
  }
}
