{
  "General": [
    {
      "subjectName": "General Knowledge",
      "noOfQuestion": 5,
      "noOfChapters": 5,
      "chapters": {
        "Geography": {
          "chapterName": "Geography",
          "numberOfQuestions": 5,
          "questions": [
            {
              "avgTime": 15,
              "chapter": "Geography",
              "correct": "0",
              "level": "Hard",
              "options": [
                { "img": "", "label": "Nevada" },
                { "img": "", "label": "Arizona" },
                { "img": "}", "label": "New Mexico" },
                { "img": "", "label": "Utah" }
              ],
              "points": "8",
              "question": "Area 51 is located in which US state?",
              "questionImg": ""
            },
            {
              "avgTime": 10,
              "chapter": "Geography",
              "correct": "3",
              "level": "Easy",
              "options": [
                { "img": "", "label": " ६५% " },
                { "img": "", "label": "६६%" },
                { "img": "}", "label": " ६७%" },
                { "img": "", "label": "६८% " }
              ],
              "points": "2",
              "question": "नेपालको कति प्रतिशत भू-भाग पहाडी प्रदेशले ओगटेको छ ? ",
              "questionImg": ""
            },
            {
              "avgTime": 10,
              "chapter": "Geography",
              "correct": "2",
              "level": "Medium",
              "options": [
                { "img": "", "label": "प्रदेश नं १ " },
                { "img": "", "label": " प्रदेश नं २" },
                { "img": "}", "label": "प्रदेश नं ३ " },
                { "img": "", "label": " प्रदेश नं ४" }
              ],
              "points": "4",
              "question": " जनसंख्याको आधारमा ठुलो प्रदेश कुन हो ? ",
              "questionImg": ""
            },
            {
              "avgTime": 14,
              "chapter": "",
              "correct": "2",
              "level": "Medium",
              "options": [
                { "img": "", "label": "Baglung" },
                { "img": "", "label": "Dharan" },
                { "img": "}", "label": "Nuwakot" },
                { "img": "", "label": "Parbat" }
              ],
              "points": "4",
              "question": " In which district is Fungfung waterfall?",
              "questionImg": ""
            },
            {}
          ]
        }
      }
    }
  ],
  "Course": [
    {
      "subjectName": "English",
      "noOfChapters": 3,
      "noOfQuestion": 67,
      "chapters": {
        "Articles": {
          "chapterName": "Articles",
          "numberOfQuestions": 25,
          "questions": [
            {
              "avgTime": 15,
              "chapter": "Articles",
              "correct": "2",
              "level": "Easy",
              "options": [
                { "img": "", "label": "A" },
                { "img": "", "label": "An" },
                { "img": "}", "label": "The" },
                { "img": "", "label": "none" }
              ],
              "points": "2",
              "question": "____books he bought were cheap.",
              "questionImg": ""
            },
            {
              "avgTime": 15,
              "chapter": "Articles",
              "correct": "0",
              "level": "Easy",
              "options": [
                { "img": "", "label": "A" },
                { "img": "", "label": "An" },
                { "img": "}", "label": "The" },
                { "img": "", "label": "none" }
              ],
              "points": "2",
              "question": "He studies in____uniersity in the city.",
              "questionImg": ""
            },
            {
              "avgTime": 15,
              "chapter": "Articles",
              "correct": "2",
              "level": "Easy",
              "options": [
                { "img": "", "label": "A" },
                { "img": "", "label": "An" },
                { "img": "}", "label": "The" },
                { "img": "", "label": "none" }
              ],
              "points": "2",
              "question": "____eagle is the national bird of America.",
              "questionImg": ""
            },
            {
              "avgTime": 15,
              "chapter": "Articles",
              "correct": "2",
              "level": "Medium",
              "options": [
                { "img": "", "label": "A,the" },
                { "img": "", "label": "The,a" },
                { "img": "}", "label": "The,X" },
                { "img": "", "label": "The,the" }
              ],
              "points": "4",
              "question": "____university of Kathmandu is smaller__than Tribhuvan University.",
              "questionImg": ""
            },
            {
              "avgTime": 15,
              "chapter": "Articles",
              "correct": "0",
              "level": "Easy",
              "options": [
                { "img": "", "label": "a" },
                { "img": "", "label": "an" },
                { "img": "}", "label": "the" },
                { "img": "", "label": "none" }
              ],
              "points": "2",
              "question": "He sold___book.",
              "questionImg": ""
            },
            {
              "avgTime": 15,
              "chapter": "Articles",
              "correct": "4",
              "level": "Easy",
              "options": [
                { "img": "", "label": "a" },
                { "img": "", "label": "an" },
                { "img": "}", "label": "the" },
                { "img": "", "label": "none" }
              ],
              "points": "2",
              "question": "___book he borrowed from the library has to be returned within a week.",
              "questionImg": ""
            },
            {
              "avgTime": 15,
              "chapter": "Articles",
              "correct": "4",
              "level": "Easy",
              "options": [
                { "img": "", "label": "a" },
                { "img": "", "label": "an" },
                { "img": "}", "label": "the" },
                { "img": "", "label": "none" }
              ],
              "points": "2",
              "question": "___books are expensie in the market.",
              "questionImg": ""
            },
            {
              "avgTime": 15,
              "chapter": "Articles",
              "correct": "0",
              "level": "Easy",
              "options": [
                { "img": "", "label": "a" },
                { "img": "", "label": "an" },
                { "img": "}", "label": "the" },
                { "img": "", "label": "none" }
              ],
              "points": "2",
              "question": "She sold___cow.",
              "questionImg": ""
            },
            {
              "avgTime": 15,
              "chapter": "Articles",
              "correct": "2",
              "level": "Easy",
              "options": [
                { "img": "", "label": "a" },
                { "img": "", "label": "an" },
                { "img": "}", "label": "the" },
                { "img": "", "label": "none" }
              ],
              "points": "2",
              "question": "___cow is the national animal of Nepal.",
              "questionImg": ""
            },
            {
              "avgTime": 15,
              "chapter": "Articles",
              "correct": "4",
              "level": "Easy",
              "options": [
                { "img": "", "label": "a" },
                { "img": "", "label": "an" },
                { "img": "}", "label": "the" },
                { "img": "", "label": "none" }
              ],
              "points": "2",
              "question": "___cows give milk.",
              "questionImg": ""
            },
            {
              "avgTime": 15,
              "chapter": "Articles",
              "correct": "2",
              "level": "Easy",
              "options": [
                { "img": "", "label": "a" },
                { "img": "", "label": "an" },
                { "img": "}", "label": "the" },
                { "img": "", "label": "none" }
              ],
              "points": "2",
              "question": "___cows he sold are hybrid.",
              "questionImg": ""
            },
            {
              "avgTime": 15,
              "chapter": "Articles",
              "correct": "2",
              "level": "Easy",
              "options": [
                { "img": "", "label": "a" },
                { "img": "", "label": "an" },
                { "img": "}", "label": "the" },
                { "img": "", "label": "none" }
              ],
              "points": "2",
              "question": "___cows from Australia are known for their domestic value.",
              "questionImg": ""
            },

            {
              "avgTime": 15,
              "chapter": "Articles",
              "correct": "0",
              "level": "Easy",
              "options": [
                { "img": "", "label": "a" },
                { "img": "", "label": "an" },
                { "img": "}", "label": "the" },
                { "img": "", "label": "none" }
              ],
              "points": "2",
              "question": "He made___one-minute call to India.",
              "questionImg": ""
            },
            {
              "avgTime": 15,
              "chapter": "Articles",
              "correct": "2",
              "level": "Easy",
              "options": [
                { "img": "", "label": "a" },
                { "img": "", "label": "an" },
                { "img": "}", "label": "the" },
                { "img": "", "label": "none" }
              ],
              "points": "2",
              "question": "___One-minute call that he made cost him rupees forty five.",
              "questionImg": ""
            },
            {
              "avgTime": 15,
              "chapter": "Articles",
              "correct": "4",
              "level": "Easy",
              "options": [
                { "img": "", "label": "a" },
                { "img": "", "label": "an" },
                { "img": "}", "label": "the" },
                { "img": "", "label": "none" }
              ],
              "points": "2",
              "question": "____one minute calls are exppensive.",
              "questionImg": ""
            },
            {
              "avgTime": 15,
              "chapter": "Articles",
              "correct": "2",
              "level": "Easy",
              "options": [
                { "img": "", "label": "a" },
                { "img": "", "label": "an" },
                { "img": "}", "label": "the" },
                { "img": "", "label": "none" }
              ],
              "points": "2",
              "question": "___university where my sister studies is said to be the best in the counttry.",
              "questionImg": ""
            },
            {
              "avgTime": 15,
              "chapter": "Articles",
              "correct": "0",
              "level": "Easy",
              "options": [
                { "img": "", "label": "a" },
                { "img": "", "label": "an" },
                { "img": "}", "label": "the" },
                { "img": "", "label": "none" }
              ],
              "points": "2",
              "question": "He drank tea in___cup and saucer.",
              "questionImg": ""
            },
            {
              "avgTime": 15,
              "chapter": "Articles",
              "correct": "4",
              "level": "Medium",
              "options": [
                { "img": "", "label": "a" },
                { "img": "", "label": "an" },
                { "img": "}", "label": "the" },
                { "img": "", "label": "none" }
              ],
              "points": "2",
              "question": "___cup and saucer he drank tea in was Impoted from England.",
              "questionImg": ""
            },
            {
              "avgTime": 15,
              "chapter": "Articles",
              "correct": "4",
              "level": "Medium",
              "options": [
                { "img": "", "label": "a" },
                { "img": "", "label": "an" },
                { "img": "}", "label": "the" },
                { "img": "", "label": "none" }
              ],
              "points": "",
              "question": "Tea is served in___cups and saucers.",
              "questionImg": ""
            },
            {
              "avgTime": 15,
              "chapter": "Articles",
              "correct": "0",
              "level": "Easy",
              "options": [
                { "img": "", "label": "a" },
                { "img": "", "label": "an" },
                { "img": "}", "label": "the" },
                { "img": "", "label": "none" }
              ],
              "points": "2",
              "question": "She bought___pair of shoes.",
              "questionImg": ""
            },
            {
              "avgTime": 15,
              "chapter": "Articles",
              "correct": "2",
              "level": "Easy",
              "options": [
                { "img": "", "label": "a" },
                { "img": "", "label": "an" },
                { "img": "}", "label": "the" },
                { "img": "", "label": "none" }
              ],
              "points": "2",
              "question": "___Pairs of shoes she bought were expensive.",
              "questionImg": ""
            },
            {
              "avgTime": 15,
              "chapter": "Articles",
              "correct": "4",
              "level": "Easy",
              "options": [
                { "img": "", "label": "a" },
                { "img": "", "label": "an" },
                { "img": "}", "label": "the" },
                { "img": "", "label": "none" }
              ],
              "points": "2",
              "question": "He goes to___Little Angel's School.",
              "questionImg": ""
            },
            {
              "avgTime": 15,
              "chapter": "Articles",
              "correct": "2",
              "level": "Easy",
              "options": [
                { "img": "", "label": "a" },
                { "img": "", "label": "an" },
                { "img": "}", "label": "the" },
                { "img": "", "label": "none" }
              ],
              "points": "2",
              "question": "We study at___School of Performing Arts.",
              "questionImg": ""
            },
            {
              "avgTime": 15,
              "chapter": "Articles",
              "correct": "4",
              "level": "Easy",
              "options": [
                { "img": "", "label": "a" },
                { "img": "", "label": "an" },
                { "img": "}", "label": "the" },
                { "img": "", "label": "none" }
              ],
              "points": "2",
              "question": "He goes to___St.Andreew's College.",
              "questionImg": ""
            },
            {
              "avgTime": 15,
              "chapter": "Articles",
              "correct": "4",
              "level": "Medium",
              "options": [
                { "img": "", "label": "a" },
                { "img": "", "label": "an" },
                { "img": "}", "label": "the" },
                { "img": "", "label": "none" }
              ],
              "points": "4",
              "question": "Life in the city has changed a lot during___past three years.",
              "questionImg": ""
            }
          ]
        },
        "Singular and Plural": {
          "chapterName": "Singular and Plural",
          "numberOfQuestions": 12,
          "questions": [
            {
              "avgTime": 15,
              "chapter": "Singular and Plural",
              "correct": "1",
              "level": "Medium",
              "options": [
                { "img": "", "label": "William and Michaels'" },
                { "img": "", "label": "Williams' and Michaels''" },
                { "img": "}", "label": "William's and Michael's" },
                { "img": "", "label": "William and Michael's" }
              ],
              "points": "4",
              "question": "___father is an engineer.",
              "questionImg": ""
            },
            {
              "avgTime": 15,
              "chapter": "Singular and Plural",
              "correct": "0",
              "level": "Medium",
              "options": [
                { "img": "", "label": "a new pair" },
                { "img": "", "label": "a pair of" },
                { "img": "", "label": "a new one" },
                { "img": "", "label": "a new ones" }
              ],
              "points": "4",
              "question": "My trousers are old.I have to buy___",
              "questionImg": ""
            },
            {
              "avgTime": 15,
              "chapter": "Singular and Plural",
              "correct": "0",
              "level": "Easy",
              "options": [
                { "img": "", "label": "is used" },
                { "img": "", "label": "are used" },
                { "img": "", "label": "uses" },
                { "img": "", "label": "are using" }
              ],
              "points": "2",
              "question": "Most of the wood he ___ to make furniture.",
              "questionImg": ""
            },
            {
              "avgTime": 15,
              "chapter": "Singular and Plural",
              "correct": "0",
              "level": "Easy",
              "options": [
                { "img": "", "label": "has been done" },
                { "img": "", "label": "have done" },
                { "img": "}", "label": "have been done" },
                { "img": "", "label": "has done" }
              ],
              "points": "2",
              "question": "All that can be done___.",
              "questionImg": ""
            },
            {
              "avgTime": 15,
              "chapter": "Singular and Plural",
              "correct": "1",
              "level": "Easy",
              "options": [
                { "img": "", "label": "is" },
                { "img": "", "label": "are" },
                { "img": "}", "label": "show" },
                { "img": "", "label": "shows" }
              ],
              "points": "2",
              "question": "All of them___interested in photography.",
              "questionImg": ""
            },
            {
              "avgTime": 15,
              "chapter": "Singular and Plural",
              "correct": "1",
              "level": "Easy",
              "options": [
                { "img": "", "label": "adivces--are" },
                { "img": "", "label": "adivce--are" },
                { "img": "}", "label": "adivce--is" },
                { "img": "", "label": "adivces--is" }
              ],
              "points": "2",
              "question": "All the___given by Mr.Smith___quite helpful to us all.",
              "questionImg": ""
            },
            {
              "avgTime": 15,
              "chapter": "Singular and Plural",
              "correct": "1",
              "level": "Medium",
              "options": [
                { "img": "", "label": "Mary's mother" },
                { "img": "", "label": "Mary's mother's" },
                { "img": "}", "label": "Marys' mother" },
                { "img": "", "label": "Mary mothers'" }
              ],
              "points": "4",
              "question": "Jane is a closse friend of___.",
              "questionImg": ""
            },
            {
              "avgTime": 15,
              "chapter": "Singular and Plural",
              "correct": "1",
              "level": "Medium",
              "options": [
                { "img": "", "label": "clothings" },
                { "img": "", "label": "clothes" },
                { "img": "}", "label": "dressing" },
                { "img": "", "label": "cloth" }
              ],
              "points": "4",
              "question": "My young sister wears modern___.",
              "questionImg": ""
            },
            {
              "avgTime": 15,
              "chapter": "Singular and Plural",
              "correct": "2",
              "level": "Medium",
              "options": [
                { "img": "", "label": "sheepes" },
                { "img": "", "label": "sheeps" },
                { "img": "}", "label": "sheep" },
                { "img": "", "label": "shoop" }
              ],
              "points": "4",
              "question": "Nine___are eating grass at the foot of the hill.",
              "questionImg": ""
            },
            {
              "avgTime": 15,
              "chapter": "Singular and Plural",
              "correct": "3",
              "level": "Medium",
              "options": [
                { "img": "", "label": "geeses" },
                { "img": "", "label": "gooses" },
                { "img": "}", "label": "goose" },
                { "img": "", "label": "geese" }
              ],
              "points": "4",
              "question": "The farmers has many___on the farm.",
              "questionImg": ""
            },
            {
              "avgTime": 15,
              "chapter": "Singular and Plural",
              "correct": "3",
              "level": "Medium",
              "options": [
                { "img": "", "label": "rooms numbers" },
                { "img": "", "label": "room's numbers" },
                { "img": "}", "label": "room number" },
                { "img": "", "label": "room numbers" }
              ],
              "points": "4",
              "question": "We forgot both the___.",
              "questionImg": ""
            },
            {
              "avgTime": 15,
              "chapter": "Singular and Plural",
              "correct": "0",
              "level": "Medium",
              "options": [
                { "img": "", "label": "three dozen" },
                { "img": "", "label": "three dozens" },
                { "img": "}", "label": "thid dozens" },
                { "img": "", "label": "nothing" }
              ],
              "points": "4",
              "question": "She bought___eggs at the supermarket.",
              "questionImg": ""
            }
          ]
        },
        "Tense Use": {
          "chapterName": "Tense Use",
          "numberOfQuestions": 10,
          "questions": [
            {
              "avgTime": 15,
              "chapter": "Tense Use",
              "correct": "0",
              "level": "Easy",
              "options": [
                { "img": "", "label": "fell...riding" },
                { "img": "", "label": "fallen...was riding" },
                { "img": "}", "label": "was faliing...rode" },
                { "img": "", "label": "fell...was riding" }
              ],
              "points": "2",
              "question": "My younger brother___to the ground and hurt himself while he___his bike.",
              "questionImg": ""
            },
            {
              "avgTime": 15,
              "chapter": "Tense Use",
              "correct": "2",
              "level": "Easy",
              "options": [
                { "img": "", "label": "stand" },
                { "img": "", "label": "to stand" },
                { "img": "}", "label": "stands" },
                { "img": "", "label": "to stands" }
              ],
              "points": "2",
              "question": "The museum he paid a visit___at the end of the street.",
              "questionImg": ""
            },
            {
              "avgTime": 15,
              "chapter": "Tense Use",
              "correct": "1",
              "level": "Easy",
              "options": [
                { "img": "", "label": "having meet" },
                { "img": "", "label": "have met" },
                { "img": "}", "label": "to have met" },
                { "img": "", "label": "had met" }
              ],
              "points": "2",
              "question": "I don't think you___John",
              "questionImg": ""
            },
            {
              "avgTime": 15,
              "chapter": "Tense Use",
              "correct": "0",
              "level": "Easy",
              "options": [
                { "img": "", "label": "had seen" },
                { "img": "", "label": "saw" },
                { "img": "}", "label": "had been seeing" },
                { "img": "", "label": "see" }
              ],
              "points": "2",
              "question": "Because I___it twice.",
              "questionImg": ""
            },
            {
              "avgTime": 15,
              "chapter": "Tense Use",
              "correct": "1",
              "level": "Easy",
              "options": [
                { "img": "", "label": "watched" },
                { "img": "", "label": "was watching" },
                { "img": "}", "label": "will watch" },
                { "img": "", "label": "had watched" }
              ],
              "points": "2",
              "question": "I___TV when the light went out.",
              "questionImg": ""
            },
            {
              "avgTime": 15,
              "chapter": "Tense Use",
              "correct": "3",
              "level": "Medium",
              "options": [
                { "img": "", "label": "would" },
                { "img": "", "label": "do" },
                { "img": "}", "label": "did" },
                { "img": "", "label": "should" }
              ],
              "points": "4",
              "question": "Oh,really?But how___I know?",
              "questionImg": ""
            }
          ]
        },
        "Voice": {
          "chapterName": "Voice",
          "numberOfQuestions": 10,
          "questions": [
            {
              "avgTime": 15,
              "chapter": "Voice",
              "correct": "3",
              "level": "Medium",
              "options": [
                { "img": "", "label": "What was been done by him?" },
                { "img": "", "label": "What he did?" },
                { "img": "}", "label": "What is being done by him?" },
                { "img": "", "label": "What was done by him?" }
              ],
              "points": "4",
              "question": "What did he go?",
              "questionImg": ""
            },
            {
              "avgTime": 15,
              "chapter": "Voice",
              "correct": "3",
              "level": "Medium",
              "options": [
                { "img": "", "label": "It be completed quickly." },
                { "img": "", "label": "Let it be quickly completed." },
                { "img": "}", "label": "It was being completed quickly." },
                { "img": "", "label": "Let it be completed quickly." }
              ],
              "points": "4",
              "question": "Complete it quickly.",
              "questionImg": ""
            },
            {
              "avgTime": 15,
              "chapter": "Voice",
              "correct": "1",
              "level": "Medium",
              "options": [
                { "img": "", "label": "Have youi been invited in her?" },
                { "img": "", "label": "Have you been invited by her?" },
                { "img": "}", "label": "Has she been invited by you?" },
                { "img": "", "label": "Has you was invited by her? by her?" }
              ],
              "points": "4",
              "question": "Has she invited you?",
              "questionImg": ""
            },
            {
              "avgTime": 15,
              "chapter": "Voice",
              "correct": "1",
              "level": "Medium",
              "options": [
                { "img": "", "label": "What was you complled to do it by?" },
                { "img": "", "label": "What are you compelled to do it by?" },
                {
                  "img": "}",
                  "label": "What is you being compelled to do it by?"
                },
                {
                  "img": "",
                  "label": "What has been you compelled to do it by?"
                }
              ],
              "points": "4",
              "question": "They don't offer us the job.",
              "questionImg": ""
            },
            {
              "avgTime": 15,
              "chapter": "Voice",
              "correct": "0",
              "level": "Easy",
              "options": [
                { "img": "", "label": "We aren't offered the job." },
                { "img": "", "label": "We don't get offered the job." },
                { "img": "}", "label": "We weren't offered the job by them." },
                { "img": "", "label": "both a&b." }
              ],
              "points": "4",
              "question": "They don't offer us the job.",
              "questionImg": ""
            },
            {
              "avgTime": 15,
              "chapter": "Voice",
              "correct": "2",
              "level": "Easy",
              "options": [
                { "img": "", "label": "You are supposed to help them." },
                { "img": "", "label": "Let they be helped." },
                { "img": "}", "label": "They should be helped." },
                { "img": "", "label": "They are helped." }
              ],
              "points": "4",
              "question": "Help them.",
              "questionImg": ""
            },
            {
              "avgTime": 15,
              "chapter": "Voice",
              "correct": "0",
              "level": "Easy",
              "options": [
                { "img": "", "label": "Our dog was run over by a car." },
                { "img": "", "label": "Our day goes run over by a " },
                { "img": "}", "label": "Our dog is run over by a car." },
                { "img": "", "label": "Both a and b" }
              ],
              "points": "4",
              "question": "A car ran over our dog.",
              "questionImg": ""
            },
            {
              "avgTime": 15,
              "chapter": "Voice",
              "correct": "1",
              "level": "Easy",
              "options": [
                { "img": "", "label": "was writing" },
                { "img": "", "label": "was written" },
                { "img": "}", "label": "had been written" },
                { "img": "", "label": "wrote" }
              ],
              "points": "4",
              "question": "The book___last year.",
              "questionImg": ""
            },
            {
              "avgTime": 15,
              "chapter": "Voice",
              "correct": "1",
              "level": "Easy",
              "options": [
                { "img": "", "label": "badly beating" },
                { "img": "", "label": "badly beaten." },
                { "img": "}", "label": "beating badly." },
                { "img": "", "label": "had been beaten badly." }
              ],
              "points": "4",
              "question": "They are___.",
              "questionImg": ""
            },
            {
              "avgTime": 15,
              "chapter": "Voice",
              "correct": "0",
              "level": "Easy",
              "options": [
                { "img": "", "label": "arrived." },
                { "img": "", "label": "was arrived" },
                { "img": "}", "label": "is arrived" },
                { "img": "", "label": "None" }
              ],
              "points": "4",
              "question": "The letter___yesterday.",
              "questionImg": ""
            }
          ]
        },
        "Prepositition": {
          "chapterName": "Prepositition",
          "numberOfQuestions": 10,
          "questions": [
            {
              "avgTime": 15,
              "chapter": "Preposition",
              "correct": "3",
              "level": "Easy",
              "options": [
                { "img": "", "label": "on" },
                { "img": "", "label": "by" },
                { "img": "}", "label": "from" },
                { "img": "", "label": "in" }
              ],
              "points": "2",
              "question": "The entire statue on display is cast__gold",
              "questionImg": ""
            },
            {
              "avgTime": 15,
              "chapter": "Preposition",
              "correct": "3",
              "level": "Easy",
              "options": [
                { "img": "", "label": "in" },
                { "img": "", "label": "at" },
                { "img": "}", "label": "on" },
                { "img": "", "label": "with" }
              ],
              "points": "2",
              "question": "She writes___a pen.",
              "questionImg": ""
            },
            {
              "avgTime": 15,
              "chapter": "Preposition",
              "correct": "0",
              "level": "Medium",
              "options": [
                { "img": "", "label": "in" },
                { "img": "", "label": "with" },
                { "img": "}", "label": "by" },
                { "img": "", "label": "on" }
              ],
              "points": "4",
              "question": "He writes__ink.",
              "questionImg": ""
            },
            {
              "avgTime": 15,
              "chapter": "Preposition",
              "correct": "1",
              "level": "Medium",
              "options": [
                { "img": "", "label": "in,at" },
                { "img": "", "label": "in,in" },
                { "img": "}", "label": "in,of" },
                { "img": "", "label": "of,in" }
              ],
              "points": "4",
              "question": "The sun rises___the east and sets___the west.",
              "questionImg": ""
            },
            {
              "avgTime": 15,
              "chapter": "Preposition",
              "correct": "3",
              "level": "Medium",
              "options": [
                { "img": "", "label": "at" },
                { "img": "", "label": "in" },
                { "img": "}", "label": "by" },
                { "img": "", "label": "none" }
              ],
              "points": "4",
              "question": "Go___home early.",
              "questionImg": ""
            },
            {
              "avgTime": 15,
              "chapter": "Preposition",
              "correct": "0",
              "level": "Easy",
              "options": [
                { "img": "", "label": "at" },
                { "img": "", "label": "in" },
                { "img": "}", "label": "for" },
                { "img": "", "label": "none" }
              ],
              "points": "4",
              "question": "My mother is___home.",
              "questionImg": ""
            },
            {
              "avgTime": 15,
              "chapter": "Preposition",
              "correct": "1",
              "level": "Easy",
              "options": [
                { "img": "", "label": "at" },
                { "img": "", "label": "in" },
                { "img": "}", "label": "on" },
                { "img": "", "label": "from" }
              ],
              "points": "2",
              "question": "He told me to go___that direction",
              "questionImg": ""
            },
            {
              "avgTime": 15,
              "chapter": "Preposition",
              "correct": "3",
              "level": "Medium",
              "options": [
                { "img": "", "label": "on" },
                { "img": "", "label": "with" },
                { "img": "}", "label": "at" },
                { "img": "", "label": "in" }
              ],
              "points": "4",
              "question": "There is some water___the bottle.",
              "questionImg": ""
            },
            {
              "avgTime": 15,
              "chapter": "Preposition",
              "correct": "0",
              "level": "Medium",
              "options": [
                { "img": "", "label": "on" },
                { "img": "", "label": "in" },
                { "img": "}", "label": "at" },
                { "img": "", "label": "by" }
              ],
              "points": "4",
              "question": "She was born___the fisrt of May.",
              "questionImg": ""
            },
            {
              "avgTime": 15,
              "chapter": "Preposition",
              "correct": "3",
              "level": "Hard",
              "options": [
                { "img": "", "label": "on,in" },
                { "img": "", "label": "in,in" },
                { "img": "}", "label": "on,on" },
                { "img": "", "label": "in,on" }
              ],
              "points": "8",
              "question": "He is sitting___the armchair and I am sitiing___the chair.",
              "questionImg": ""
            }
          ]
        }
      }
    },
    {
      "subjectName": "Biology",
      "noOfQuestion": 47,
      "noOfChapters": 5,
      "chapters": {
        "Animal Kingdom": {
          "chapterName": "Animal Kingdom",
          "numberOfQuestions": 10,
          "questions": [
            {
              "avgTime": 15,
              "chapter": "Animal Kingdom",
              "correct": "1",
              "level": "Easy",
              "options": [
                { "img": "", "label": "Coelomate" },
                { "img": "", "label": "Acoelomate" },
                { "img": "}", "label": "Pseudocoelomate" },
                { "img": "", "label": "Haemocoelomate" }
              ],
              "points": "2",
              "question": "Hydra is",
              "questionImg": "https://www.google.com/url?sa=i&url=https%3A%2F%2Fwww.nytimes.com%2F2021%2F12%2F11%2Fscience%2Fhydra-regrow-head.html&psig=AOvVaw3MSjvCmwVd8DUjFo1M3433&ust=1671534438492000&source=images&cd=vfe&ved=0CA0QjRxqFwoTCJDh1ZvFhfwCFQAAAAAdAAAAABAD"
            },
            {
              "avgTime": 15,
              "chapter": "Animal Kingdom",
              "correct": "1",
              "level": "Medium",
              "options": [
                { "img": "", "label": "Protozoa" },
                { "img": "", "label": "Porifera" },
                { "img": "}", "label": "Arthopoda" },
                { "img": "", "label": "Echinodermata" }
              ],
              "points": "4",
              "question": "Water Canal system is found in",
              "questionImg": ""
            },
            {
              "avgTime": 15,
              "chapter": "Animal Kingdom",
              "correct": "1",
              "level": "Easy",
              "options": [
                { "img": "", "label": "Coelentrata" },
                { "img": "", "label": "Arthopoda" },
                { "img": "}", "label": "Porifera" },
                { "img": "", "label": "Aschelminthes" }
              ],
              "points": "2",
              "question": "Jointed leg is the main characteristics of",
              "questionImg": ""
            },
            {
              "avgTime": 15,
              "chapter": "Animal Kingdom",
              "correct": "0",
              "level": "Easy",
              "options": [
                { "img": "", "label": "Porifera" },
                { "img": "", "label": "Coelentrata" },
                { "img": "}", "label": "Chordata" },
                { "img": "", "label": "Mollusca" }
              ],
              "points": "2",
              "question": "Sponges belongs to phylum",
              "questionImg": ""
            },
            {
              "avgTime": 15,
              "chapter": "Animal Kingdom",
              "correct": "0",
              "level": "Medium",
              "options": [
                { "img": "", "label": "Echinodermata" },
                { "img": "", "label": "Annelida" },
                { "img": "}", "label": "Mollusca" },
                { "img": "", "label": "Porifera" }
              ],
              "points": "4",
              "question": "Pearl secreating phylum is",
              "questionImg": ""
            },
            {
              "avgTime": 15,
              "chapter": "Animal Kingdom",
              "correct": "2",
              "level": "Medium",
              "options": [
                { "img": "", "label": "Giardia" },
                { "img": "", "label": "Trypanosoma" },
                { "img": "}", "label": "Leishmania" },
                { "img": "", "label": "Tse Tse fly" }
              ],
              "points": "4",
              "question": "Kala-azar is caused by",
              "questionImg": ""
            },
            {
              "avgTime": 15,
              "chapter": "Animal Kingdom",
              "correct": "1",
              "level": "Hard",
              "options": [
                { "img": "", "label": "Dog tapeworm" },
                { "img": "", "label": "Pork tapeworm" },
                { "img": "}", "label": "Fish tapeworm" },
                { "img": "", "label": "Beef tapeworm" }
              ],
              "points": "8",
              "question": "Common name or Taenia solium is",
              "questionImg": ""
            },
            {
              "avgTime": 15,
              "chapter": "Animal Kingdom",
              "correct": "1",
              "level": "Hard",
              "options": [
                { "img": "", "label": "R.H Whittacer" },
                { "img": "", "label": "Carolous linnaeus" },
                { "img": "}", "label": "Mendle" },
                { "img": "", "label": "Batson" }
              ],
              "points": "8",
              "question": "Binomial system of nomenclature was given by",
              "questionImg": ""
            },
            {
              "avgTime": 15,
              "chapter": "Animal Kingdom",
              "correct": "1",
              "level": "Easy",
              "options": [
                { "img": "", "label": "Arboreal animal" },
                { "img": "", "label": "Fossorial animal" },
                { "img": "}", "label": "Cursorial animal" },
                { "img": "", "label": "Saltatorial" }
              ],
              "points": "2",
              "question": "Those animals which mostly live in the underground holes and burrow are called",
              "questionImg": ""
            },
            {
              "avgTime": 15,
              "chapter": "Animal Kingdom",
              "correct": "3",
              "level": "Medium",
              "options": [
                { "img": "", "label": "Aquatic" },
                { "img": "", "label": "Terrestial" },
                { "img": "}", "label": "Fossorial" },
                { "img": "", "label": "Arboreal" }
              ],
              "points": "4",
              "question": "Tree dwelling animals are",
              "questionImg": ""
            }
          ]
        },
        "Vetebrates": {
          "chapterName": "Vetebrates",
          "numberOfQuestions": 10,
          "questions": [
            {
              "avgTime": 15,
              "chapter": "Vertebrates",
              "correct": "3",
              "level": "Easy",
              "options": [
                { "img": "", "label": "Three chambered heart" },
                { "img": "", "label": "Low body temperture" },
                { "img": "}", "label": "External ear" },
                { "img": "", "label": "Feathers" }
              ],
              "points": "2",
              "question": "Birds have",
              "questionImg": ""
            },
            {
              "avgTime": 15,
              "chapter": "Vertebrates",
              "correct": "1",
              "level": "Medium",
              "options": [
                { "img": "", "label": "Prosimans" },
                { "img": "", "label": "primates" },
                { "img": "}", "label": "edentates" },
                { "img": "", "label": "cetacea" }
              ],
              "points": "4",
              "question": "Man belongs to the group",
              "questionImg": ""
            },
            {
              "avgTime": 15,
              "chapter": "Vertebrates",
              "correct": "2",
              "level": "Hard",
              "options": [
                { "img": "", "label": "Fragmentaion" },
                { "img": "", "label": "Hypertomy" },
                { "img": "}", "label": "Auotomy" },
                { "img": "", "label": "Hypotomy" }
              ],
              "points": "8",
              "question": "When lizard is threatened they can break of their tails and escape. This phenomenon is called",
              "questionImg": ""
            },
            {
              "avgTime": 15,
              "chapter": "Vertebrates",
              "correct": "1",
              "level": "Easy",
              "options": [
                { "img": "", "label": "Fishes" },
                { "img": "", "label": "Amphibians" },
                { "img": "}", "label": "Reptiles" },
                { "img": "", "label": "Mammals" }
              ],
              "points": "2",
              "question": "Dual nature of habitation is shown by",
              "questionImg": ""
            },
            {
              "avgTime": 15,
              "chapter": "Vertebrates",
              "correct": "2",
              "level": "Medium",
              "options": [
                { "img": "", "label": "8 pairs" },
                { "img": "", "label": "10 pairs" },
                { "img": "}", "label": "12 pairs" },
                { "img": "", "label": "14 pairs" }
              ],
              "points": "4",
              "question": "No.of cranial nerves in mammals is",
              "questionImg": ""
            },
            {
              "avgTime": 15,
              "chapter": "Vertebrates",
              "correct": "0",
              "level": "Medium",
              "options": [
                { "img": "", "label": "Herpetology" },
                { "img": "", "label": "Icthyology" },
                { "img": "}", "label": "Entomology" },
                { "img": "", "label": "Ornithology" }
              ],
              "points": "4",
              "question": "Science dealing with the study of reptile is",
              "questionImg": ""
            },
            {
              "avgTime": 15,
              "chapter": "Vertebrates",
              "correct": "0",
              "level": "Medium",
              "options": [
                { "img": "", "label": "Aves" },
                { "img": "", "label": "Reptile" },
                { "img": "}", "label": "Amphibians" },
                { "img": "", "label": "Reptiles" }
              ],
              "points": "4",
              "question": "Pneumaic bones are found in",
              "questionImg": ""
            },
            {
              "avgTime": 15,
              "chapter": "Vertebrates",
              "correct": "2",
              "level": "Medium",
              "options": [
                { "img": "", "label": "Ominvorous" },
                { "img": "", "label": "Carnivorous" },
                { "img": "}", "label": "Herbivorous" },
                { "img": "", "label": "Insectivorous" }
              ],
              "points": "4",
              "question": "A tadpole of frog is",
              "questionImg": "https://www.google.com/imgres?imgurl=https%3A%2F%2Fcdn.britannica.com%2F23%2F124223-050-D46F70F6%2FLittlejohn-tree-frog-tadpole.jpg&imgrefurl=https%3A%2F%2Fwww.britannica.com%2Fscience%2Ftadpole&tbnid=eQ3nvwMasH0s1M&vet=12ahUKEwidt8SCh4j8AhVyitgFHV6CAysQMygCegUIARC6AQ..i&docid=lgLZeDSx4_6ZNM&w=1600&h=882&q=tadpole%20of%20frog%20feeds%20upon&ved=2ahUKEwidt8SCh4j8AhVyitgFHV6CAysQMygCegUIARC6AQ"
            },
            {
              "avgTime": 15,
              "chapter": "Vertebrates",
              "correct": "2",
              "level": "Medium",
              "options": [
                { "img": "", "label": "All invertebrates" },
                { "img": "", "label": "Some invertebrates" },
                { "img": "}", "label": "All chordates" },
                { "img": "", "label": "Some chordates" }
              ],
              "points": "4",
              "question": "Dorsal tubular nerve cord is found in",
              "questionImg": ""
            },
            {
              "avgTime": 15,
              "chapter": "Vertebrates",
              "correct": "2",
              "level": "Medium",
              "options": [
                { "img": "", "label": "An amphibian" },
                { "img": "", "label": "A reptile" },
                { "img": "}", "label": "A bird" },
                { "img": "", "label": "A mammal" }
              ],
              "points": "4",
              "question": "Keeled sternum is found in",
              "questionImg": ""
            }
          ]
        },
        "Evolution": {
          "chapterName": "Evolution",
          "numberOfQuestions": 7,
          "questions": [
            {
              "avgTime": 15,
              "chapter": "Evolution",
              "correct": "0",
              "level": "Medium",
              "options": [
                { "img": "", "label": "Inheritance of acquirerd character" },
                { "img": "", "label": "Descent with change" },
                { "img": "}", "label": "Natural seletcion" },
                { "img": "", "label": "Continuity of generation" }
              ],
              "points": "4",
              "question": "Key point of Lamarkism is",
              "questionImg": ""
            },
            {
              "avgTime": 15,
              "chapter": "Evolution",
              "correct": "1",
              "level": "Medium",
              "options": [
                { "img": "", "label": "Mutation" },
                { "img": "", "label": "Natural selection" },
                { "img": "}", "label": "Hybridization" },
                { "img": "", "label": "Acquired characters" }
              ],
              "points": "4",
              "question": "Darwin propsed thatt origin of species is by",
              "questionImg": ""
            },
            {
              "avgTime": 15,
              "chapter": "Evolution",
              "correct": "0",
              "level": "Medium",
              "options": [
                { "img": "", "label": "Fossils" },
                { "img": "", "label": "Birds" },
                { "img": "}", "label": "Embryo" },
                { "img": "", "label": "Disease " }
              ],
              "points": "4",
              "question": "Paleontology deals with sudy of",
              "questionImg": ""
            },
            {
              "avgTime": 15,
              "chapter": "Evolution",
              "correct": "2",
              "level": "Medium",
              "options": [
                { "img": "", "label": "Darwin" },
                { "img": "", "label": "Lamark" },
                { "img": "}", "label": "Hugo De Vries" },
                { "img": "", "label": "Carolous linnaeus" }
              ],
              "points": "4",
              "question": "Mutation theory of revolution was given by",
              "questionImg": ""
            },
            {
              "avgTime": 15,
              "chapter": "Evolution",
              "correct": "1",
              "level": "Hard",
              "options": [
                { "img": "", "label": "Hugo De Vries" },
                { "img": "", "label": "Lamarkism" },
                { "img": "}", "label": "Darwinism" },
                { "img": "", "label": "Neo-darwinism" }
              ],
              "points": "8",
              "question": "Use and dis-use of organ is related to",
              "questionImg": ""
            },
            {
              "avgTime": 15,
              "chapter": "Evolution",
              "correct": "1",
              "level": "Medium",
              "options": [
                { "img": "", "label": "Virus" },
                { "img": "", "label": "Euglena" },
                { "img": "}", "label": "Archeopteryx" },
                { "img": "", "label": "ornithorhynchus" }
              ],
              "points": "4",
              "question": "Connecting link between living and non-living organism is",
              "questionImg": ""
            },
            {
              "avgTime": 15,
              "chapter": "Evolution",
              "correct": "1",
              "level": "Medium",
              "options": [
                { "img": "", "label": "Birds/finches" },
                { "img": "", "label": "Oenothera Lamarkina" },
                { "img": "}", "label": "Mice" },
                { "img": "", "label": "Giraffe" }
              ],
              "points": "4",
              "question": "Darwin experimentes on",
              "questionImg": ""
            }
          ]
        },
        "Blood": {
          "chapterName": "Blood",
          "numberOfQuestions": 10,
          "questions": [
            {
              "avgTime": 15,
              "chapter": "Blood",
              "correct": "1",
              "level": "Medium",
              "options": [
                { "img": "", "label": "epithelial tissue" },
                { "img": "", "label": "connective tissue" },
                { "img": "}", "label": "muscular tissue" },
                { "img": "", "label": "nervous tissue" }
              ],
              "points": "4",
              "question": "Blood is regarded as a:",
              "questionImg": ""
            },
            {
              "avgTime": 15,
              "chapter": "Blood",
              "correct": "1",
              "level": "Medium",
              "options": [
                { "img": "", "label": "7.15-7.35" },
                { "img": "", "label": "7.35-7.45" },
                { "img": "}", "label": "7.25-7.85" },
                { "img": "", "label": "6.35-6.45" }
              ],
              "points": "4",
              "question": "Normal range of blood pH is:",
              "questionImg": ""
            },
            {
              "avgTime": 15,
              "chapter": "Blood",
              "correct": "1",
              "level": "Easy",
              "options": [
                { "img": "", "label": "100 Days" },
                { "img": "", "label": "120 Days" },
                { "img": "}", "label": "180 Days" },
                { "img": "", "label": "365 Days" }
              ],
              "points": "2",
              "question": "The life span of a mature RBC is about:",
              "questionImg": ""
            },
            {
              "avgTime": 15,
              "chapter": "Blood",
              "correct": "2",
              "level": "Medium",
              "options": [
                { "img": "", "label": "Erthyrocyte" },
                { "img": "", "label": "Monocyte" },
                { "img": "}", "label": "Basophil" },
                { "img": "", "label": "Neutrophil" }
              ],
              "points": "4",
              "question": "The largest blood cell is:",
              "questionImg": ""
            },
            {
              "avgTime": 15,
              "chapter": "Blood",
              "correct": "0",
              "level": "Easy",
              "options": [
                { "img": "", "label": "0" },
                { "img": "", "label": "A" },
                { "img": "}", "label": "AB" },
                { "img": "", "label": "B" }
              ],
              "points": "2",
              "question": "Which of the following blood group is often called the universal donor?",
              "questionImg": ""
            },
            {
              "avgTime": 15,
              "chapter": "Blood",
              "correct": "2",
              "level": "Medium",
              "options": [
                { "img": "", "label": "haemorrhage" },
                { "img": "", "label": "haemolysis" },
                { "img": "}", "label": "hookworm infestation" },
                { "img": "", "label": "malaria" }
              ],
              "points": "4",
              "question": "The most common cause of anaemia in Nepal is:",
              "questionImg": ""
            },
            {
              "avgTime": 15,
              "chapter": "Blood",
              "correct": "1",
              "level": "Hard",
              "options": [
                { "img": "", "label": "A,O" },
                { "img": "", "label": "A,B" },
                { "img": "}", "label": "A,B,O" },
                { "img": "", "label": "A,B,AB,O" }
              ],
              "points": "8",
              "question": "If father has blood group AB and mother O,the possible blood gropus of thier children would be:",
              "questionImg": ""
            },
            {
              "avgTime": 15,
              "chapter": "Blood",
              "correct": "1",
              "level": "Hard",
              "options": [
                { "img": "", "label": "no antibodies; A and B antigens" },
                { "img": "", "label": "anti-B antibody; A antigen" },
                { "img": "}", "label": "anti-A antibody; B antigen" },
                {
                  "img": "",
                  "label": "anti-A and anti-B antibodies; no antigen"
                }
              ],
              "points": "8",
              "question": "In blood group A there is:",
              "questionImg": ""
            },
            {
              "avgTime": 15,
              "chapter": "Blood",
              "correct": "3",
              "level": "Medium",
              "options": [
                { "img": "", "label": "RBCs" },
                { "img": "", "label": "WBCs" },
                { "img": "}", "label": "Platelets" },
                { "img": "", "label": "Electrolytes" }
              ],
              "points": "4",
              "question": "Viscosity is mainly due to:",
              "questionImg": ""
            },
            {
              "avgTime": 15,
              "chapter": "Blood",
              "correct": "0",
              "level": "Hard",
              "options": [
                { "img": "", "label": "Heparin" },
                { "img": "", "label": "Protein" },
                { "img": "}", "label": "Fibrinogen" },
                { "img": "", "label": "Thromboplastin" }
              ],
              "points": "8",
              "question": "Which of the following is an anticoagulant?",
              "questionImg": ""
            }
          ]
        },
        "Respiratory System": {
          "chapterName": "Respiratory System",
          "numberOfQuestions": 10,
          "questions": [
            {
              "avgTime": 15,
              "chapter": "Respiratory System",
              "correct": "3",
              "level": "Medium",
              "options": [
                { "img": "", "label": "Pneumonia" },
                { "img": "", "label": "Haemothorax" },
                { "img": "}", "label": "Empysema" },
                { "img": "", "label": "Leprosy" }
              ],
              "points": "4",
              "question": "All are respiratory diseases except",
              "questionImg": ""
            },
            {
              "avgTime": 15,
              "chapter": "Respiratory System",
              "correct": "0",
              "level": "Hard",
              "options": [
                { "img": "", "label": "9" },
                { "img": "", "label": "7" },
                { "img": "}", "label": "16-20" },
                { "img": "", "label": "12" }
              ],
              "points": "8",
              "question": "Larynx consists of___cartilages",
              "questionImg": ""
            },
            {
              "avgTime": 15,
              "chapter": "Respiratory System",
              "correct": "0",
              "level": "Easy",
              "options": [
                { "img": "", "label": "lung" },
                { "img": "", "label": "skin" },
                { "img": "}", "label": "liver" },
                { "img": "", "label": "heart" }
              ],
              "points": "2",
              "question": "Smokers are likely to suffer from___cancer.",
              "questionImg": ""
            },
            {
              "avgTime": 15,
              "chapter": "Respiratory System",
              "correct": "3",
              "level": "Medium",
              "options": [
                { "img": "", "label": "5" },
                { "img": "", "label": "4" },
                { "img": "}", "label": "3" },
                { "img": "", "label": "2" }
              ],
              "points": "4",
              "question": "The left lungs has___lobes.",
              "questionImg": ""
            },
            {
              "avgTime": 15,
              "chapter": "Respiratory System",
              "correct": "1",
              "level": "Hard",
              "options": [
                { "img": "", "label": "2" },
                { "img": "", "label": "3" },
                { "img": "}", "label": "4" },
                { "img": "", "label": "5" }
              ],
              "points": "8",
              "question": "The right lungs has___lobes.",
              "questionImg": ""
            },
            {
              "avgTime": 15,
              "chapter": "Respiratory System",
              "correct": "1",
              "level": "Medium",
              "options": [
                { "img": "", "label": "5 cm" },
                { "img": "", "label": "10 cm" },
                { "img": "}", "label": "15 cm" },
                { "img": "", "label": "20 cm" }
              ],
              "points": "4",
              "question": "Trachea is___long.",
              "questionImg": ""
            },
            {
              "avgTime": 15,
              "chapter": "Respiratory System",
              "correct": "1",
              "level": "Hard",
              "options": [
                { "img": "", "label": "Emphysema" },
                { "img": "", "label": "Pneumothorax" },
                { "img": "}", "label": "Hemothorax" },
                { "img": "", "label": "Hydrothorax" }
              ],
              "points": "8",
              "question": "Presence of air in pleural cavity is",
              "questionImg": ""
            },
            {
              "avgTime": 15,
              "chapter": "Respiratory System",
              "correct": "1",
              "level": "Hard",
              "options": [
                { "img": "", "label": "1000 ml" },
                { "img": "", "label": "500 ml" },
                { "img": "}", "label": "360 ml" },
                { "img": "", "label": "150 ml" }
              ],
              "points": "8",
              "question": "Tidal volume(generally)is",
              "questionImg": ""
            },
            {
              "avgTime": 15,
              "chapter": "Respiratory System",
              "correct": "1",
              "level": "Hard",
              "options": [
                { "img": "", "label": "common cough" },
                { "img": "", "label": "pinaas" },
                { "img": "}", "label": "cough" },
                { "img": "", "label": "gums swelling" }
              ],
              "points": "8",
              "question": "'Sinusitis 'is the medical term for",
              "questionImg": ""
            },
            {
              "avgTime": 15,
              "chapter": "Respiratory System",
              "correct": "1",
              "level": "Medium",
              "options": [
                { "img": "", "label": "Larynx" },
                { "img": "", "label": "Pharynx" },
                { "img": "}", "label": "Trachea" },
                { "img": "", "label": "Nose" }
              ],
              "points": "4",
              "question": "Tonsils are present in",
              "questionImg": ""
            }
          ]
        }
      }
    }
  ]
}
